,Missouri,New York,Colorado,Pennsylvania,Delaware,Ohio,Indiana,Germany,Ireland,Illinois,Massachusetts,Maine,Austria,New Mexico,Kansas,England,Nebraska,New Jersey,Maryland,Connecticut,Tennessee,Virginia,Kentucky,Wisconsin,Louisiana,Canada,Utah,Iowa,Michigan,Mexico,Scotland,North Carolina,Texas,Mississippi,Other USSR/Russia,New Hampshire,France,China,Vermont,Switzerland,Italy,Washington,Wyoming,Sweden,South Carolina,Wales,California,Georgia,District of Columbia,Netherlands,Czechoslovakia,Belgium,Denmark,Rhode Island,"United States, ns",Alabama,Poland,Arkansas,Florida,AFRICA,West Indies,Norway,Cuba,Minnesota,Abroad (unknown) or at sea,Japan,Montana,West Virginia,SOUTH AMERICA,Australia and New Zealand,Finland,Oklahoma,Oregon,"Europe, ns",Nevada,Portugal,Spain,Arizona,Hawaii,India,South Dakota,Idaho,Hungary,Central America,Greece,Iceland,Syria,North Dakota,Indonesia,U.S. Virgin Islands,Romania,Turkey,Pacific Islands,Yugoslavia,Bulgaria,"Southwest Asia, nec/ns",Philippines,Lebanon,Latvia,Lithuania,Native American,Israel/Palestine,Missing/blank,Korea
1870,1503.8499999999995,3231.1499999999987,5220.6399999999985,1037.5,87.8,1846.6999999999994,856.38,1028.04,1945.55,1489.31,1355.88,471.21999999999986,87.8,9334.519999999986,263.4,2516.7200000000007,175.6,383.42,87.8,87.8,87.8,1015.9,855.3,442.32999999999987,51.96,426.22,522.4,1390.95,415.64,99.49,87.8,182.56,99.49,99.49,99.49,103.91,,,,,,,,,,,,,,,,,,,,,,,,,,,,,,,,,,,,,,,,,,,,,,,,,,,,,,,,,,,,,,,,,,,,
1871,2642.4240000000123,4407.4340000000175,7297.373999999954,2098.318000000007,99.83699999999999,2860.881000000009,1328.9820000000018,1668.9850000000035,2584.9500000000044,2630.078000000016,1591.7059999999994,673.8459999999994,129.83699999999996,9380.853000000003,600.1119999999994,3137.819000000009,231.99699999999996,496.4049999999998,181.75500000000005,212.61100000000005,294.15499999999963,1179.4429999999998,1135.1589999999992,720.8349999999989,90.18199999999999,915.7430000000022,504.58799999999997,1963.887000000002,782.4449999999986,104.25399999999999,232.6139999999998,239.49899999999997,208.87499999999991,138.46099999999996,141.93199999999996,154.98899999999998,,,,,,,,,,,,,,,,,,,,,,,,,,,,,,,,,,,,,,,,,,,,,,,,,,,,,,,,,,,,,,,,,,,,
1872,3780.998000000025,5583.718000000037,9374.10799999991,3159.136000000014,111.874,3875.0620000000185,1801.5840000000037,2309.930000000007,3224.3500000000085,3770.846000000032,1827.5319999999988,876.4719999999991,171.8739999999999,9427.18600000002,936.8239999999989,3758.9180000000174,288.39399999999995,609.3899999999996,275.7100000000001,337.42200000000014,500.5099999999993,1342.9859999999994,1415.0179999999982,999.3399999999981,128.40399999999997,1405.2660000000042,486.776,2536.824000000004,1149.2499999999973,109.018,377.42799999999966,296.43799999999993,318.2599999999998,177.43199999999993,184.3739999999999,206.06799999999993,,,,,,,,,,,,,,,,,,,,,,,,,,,,,,,,,,,,,,,,,,,,,,,,,,,,,,,,,,,,,,,,,,,,
1873,4919.572000000038,6760.002000000056,11450.841999999866,4219.954000000022,123.911,4889.243000000028,2274.1860000000056,2950.875000000011,3863.7500000000127,4911.614000000048,2063.3579999999984,1079.0979999999986,213.9109999999999,9473.519000000037,1273.5359999999982,4380.017000000025,344.79099999999994,722.3749999999993,369.66500000000013,462.23300000000023,706.8649999999989,1506.528999999999,1694.8769999999975,1277.844999999997,166.62599999999998,1894.7890000000064,468.964,3109.761000000006,1516.0549999999957,113.782,522.2419999999994,353.3769999999999,427.64499999999975,216.4029999999999,226.8159999999999,257.14699999999993,,,,,,,,,,,,,,,,,,,,,,,,,,,,,,,,,,,,,,,,,,,,,,,,,,,,,,,,,,,,,,,,,,,,
1874,6058.146000000051,7936.286000000075,13527.575999999823,5280.772000000028,135.94799999999998,5903.424000000037,2746.7880000000073,3591.8200000000143,4503.150000000017,6052.382000000063,2299.1839999999975,1281.7239999999983,255.94799999999987,9519.852000000054,1610.2479999999978,5001.116000000035,401.1879999999999,835.3599999999992,463.6200000000002,587.0440000000002,913.2199999999985,1670.0719999999988,1974.7359999999967,1556.3499999999963,204.84799999999996,2384.3120000000085,451.15200000000004,3682.6980000000085,1882.8599999999942,118.54599999999999,667.0559999999992,410.31599999999986,537.0299999999996,255.37399999999985,269.25799999999987,308.2259999999999,,,,,,,,,,,,,,,,,,,,,,,,,,,,,,,,,,,,,,,,,,,,,,,,,,,,,,,,,,,,,,,,,,,,
1875,7196.720000000064,9112.570000000094,15604.30999999978,6341.590000000035,147.98499999999999,6917.605000000047,3219.3900000000094,4232.765000000018,5142.550000000021,7193.15000000008,2535.0099999999966,1484.3499999999979,297.98499999999984,9566.18500000007,1946.9599999999973,5622.215000000042,457.5849999999998,948.3449999999989,557.5750000000002,711.8550000000002,1119.5749999999982,1833.6149999999984,2254.5949999999957,1834.8549999999955,243.06999999999994,2873.835000000011,433.34000000000003,4255.63500000001,2249.6649999999927,123.31,811.8699999999991,467.2549999999998,646.4149999999996,294.34499999999986,311.6999999999998,359.30499999999984,,,,,,,,,,,,,,,,,,,,,,,,,,,,,,,,,,,,,,,,,,,,,,,,,,,,,,,,,,,,,,,,,,,,
1876,8335.294000000076,10288.854000000112,17681.043999999732,7402.408000000042,160.022,7931.786000000056,3691.992000000011,4873.710000000021,5781.950000000026,8333.918000000096,2770.835999999996,1686.9759999999974,340.02199999999976,9612.518000000086,2283.671999999997,6243.314000000051,513.9819999999999,1061.3299999999988,651.5300000000002,836.6660000000004,1325.9299999999978,1997.157999999998,2534.453999999995,2113.359999999994,281.2919999999999,3363.358000000013,415.528,4828.572000000012,2616.4699999999916,128.074,956.6839999999988,524.1939999999997,755.7999999999995,333.3159999999998,354.14199999999977,410.3839999999998,,,,,,,,,,,,,,,,,,,,,,,,,,,,,,,,,,,,,,,,,,,,,,,,,,,,,,,,,,,,,,,,,,,,
1877,9473.86800000009,11465.13800000013,19757.77799999969,8463.22600000005,172.05899999999997,8945.967000000066,4164.594000000013,5514.655000000025,6421.35000000003,9474.68600000011,3006.6619999999957,1889.6019999999971,382.05899999999974,9658.851000000102,2620.3839999999964,6864.413000000059,570.3789999999998,1174.3149999999985,745.4850000000002,961.4770000000004,1532.2849999999976,2160.7009999999977,2814.312999999994,2391.8649999999934,319.5139999999999,3852.881000000015,397.716,5401.509000000015,2983.27499999999,132.838,1101.4979999999987,581.1329999999998,865.1849999999995,372.2869999999998,396.5839999999998,461.46299999999974,,,,,,,,,,,,,,,,,,,,,,,,,,,,,,,,,,,,,,,,,,,,,,,,,,,,,,,,,,,,,,,,,,,,
1878,10612.442000000101,12641.422000000151,21834.511999999646,9524.044000000056,184.096,9960.148000000076,4637.1960000000145,6155.600000000029,7060.750000000035,10615.454000000127,3242.487999999995,2092.227999999997,424.0959999999997,9705.18400000012,2957.095999999996,7485.512000000068,626.7759999999997,1287.2999999999984,839.4400000000003,1086.2880000000005,1738.6399999999971,2324.2439999999974,3094.171999999993,2670.3699999999926,357.7359999999999,4342.404000000017,379.90400000000005,5974.446000000016,3350.0799999999886,137.602,1246.3119999999985,638.0719999999997,974.5699999999994,411.25799999999975,439.0259999999997,512.5419999999997,,,,,,,,,,,,,,,,,,,,,,,,,,,,,,,,,,,,,,,,,,,,,,,,,,,,,,,,,,,,,,,,,,,,
1879,11751.016000000116,13817.70600000017,23911.245999999603,10584.862000000063,196.13299999999998,10974.329000000085,5109.798000000017,6796.545000000032,7700.150000000039,11756.222000000143,3478.313999999994,2294.853999999996,466.1329999999997,9751.517000000136,3293.8079999999954,8106.611000000075,683.1729999999998,1400.284999999998,933.3950000000003,1211.0990000000006,1944.9949999999967,2487.786999999997,3374.0309999999927,2948.874999999992,395.95799999999986,4831.92700000002,362.0920000000001,6547.383000000018,3716.884999999987,142.36599999999999,1391.1259999999984,695.0109999999997,1083.9549999999992,450.2289999999997,481.4679999999997,563.6209999999996,,,,,,,,,,,,,,,,,,,,,,,,,,,,,,,,,,,,,,,,,,,,,,,,,,,,,,,,,,,,,,,,,,,,
1880,12889.590000000127,14993.990000000187,25987.97999999956,11645.680000000071,208.17,11988.510000000095,5582.400000000019,7437.490000000035,8339.550000000043,12896.990000000158,3714.1399999999935,2497.479999999996,508.1699999999997,9797.850000000153,3630.519999999995,8727.710000000085,739.5699999999997,1513.269999999998,1027.3500000000004,1335.9100000000005,2151.3499999999967,2651.3299999999967,3653.889999999992,3227.379999999991,434.17999999999984,5321.450000000022,344.2800000000001,7120.320000000021,4083.6899999999855,147.13,1535.9399999999982,751.9499999999997,1193.3399999999992,489.1999999999997,523.9099999999996,614.6999999999996,901.0700000000003,294.4499999999998,1623.2200000000007,710.4199999999997,431.11999999999983,110.68,230.04000000000005,2259.689999999995,275.7900000000001,1335.72,490.74999999999983,1093.0300000000007,283.1500000000001,103.76999999999998,156.78000000000003,61.62,511.2499999999997,477.61,59.91,548.3899999999996,165.81000000000003,627.4599999999998,49.89,14.44,39.91,463.74999999999983,20.33,567.3299999999998,4.98,4.98,40.16,442.58999999999975,50.17,35.14,20.29,71.11000000000001,45.4,30.44,143.53,10.02,15.18,30.55,4.73,15.06,20.36,30.68,55.69999999999999,5.16,10.33,10.02,,,,,,,,,,,,,,,,,,
1881,13886.965500000122,15288.983500000179,31923.350999999566,12159.048000000068,220.6265,12788.351500000092,5991.814000000018,7854.041000000034,8388.746000000041,14213.575000000157,3787.993499999994,2493.466999999996,703.9699999999996,9791.444500000145,4505.669999999996,9028.31450000008,1255.0169999999994,1592.968999999998,1043.6075000000003,1347.3585000000005,2227.690499999997,2706.062499999997,3873.036999999992,3542.6079999999915,464.08049999999986,5621.50050000002,513.8915000000002,7971.08450000002,4246.680999999986,150.003,1731.0454999999984,800.4224999999997,1309.2934999999993,504.2374999999997,809.8569999999995,604.6314999999996,876.0260000000003,337.2309999999998,1633.1490000000008,735.6634999999998,704.8459999999998,119.53150000000001,282.72450000000003,2692.6669999999954,288.5545000000001,1312.894,569.5174999999999,1127.9090000000006,290.4440000000001,114.00699999999998,204.02950000000004,66.737,571.3124999999998,463.2825,86.97749999999999,582.5144999999997,192.37050000000005,691.3269999999999,62.621,16.4485,42.364999999999995,470.8149999999998,26.82333333333333,633.9779999999998,16.76566666666666,31.107666666666674,58.467499999999994,490.2299999999998,52.5345,36.5295,82.559,96.83350000000002,52.202,43.76733333333333,146.6725,12.076333333333332,34.65925,36.7725,9.5565,16.7778,99.9095,43.83,77.54599999999999,7.378333333333334,14.8765,,,,,,,,,,,,,,,,,,,
1882,14884.341000000117,15583.97700000017,37858.72199999957,12672.416000000065,233.083,13588.193000000088,6401.228000000016,8270.592000000033,8437.94200000004,15530.160000000156,3861.8469999999943,2489.453999999996,899.7699999999995,9785.039000000137,5380.819999999997,9328.919000000076,1770.4639999999993,1672.667999999998,1059.8650000000002,1358.8070000000005,2304.030999999997,2760.794999999997,4092.183999999992,3857.835999999992,493.9809999999999,5921.551000000019,683.5030000000002,8821.84900000002,4409.671999999987,152.876,1926.1509999999982,848.8949999999998,1425.2469999999994,519.2749999999997,1095.8039999999996,594.5629999999996,850.9820000000002,380.0119999999999,1643.0780000000007,760.9069999999997,978.5719999999997,128.383,335.40900000000005,3125.6439999999957,301.3190000000001,1290.068,648.285,1162.7880000000005,297.73800000000006,124.24399999999999,251.27900000000002,71.854,631.3749999999998,448.95500000000004,114.045,616.6389999999997,218.93100000000004,755.1939999999998,75.352,18.457,44.82,477.8799999999998,33.31666666666666,700.626,28.551333333333325,57.235333333333344,76.77499999999999,537.8699999999998,54.899,37.919,144.828,122.55700000000002,59.004,57.09466666666667,149.815,14.132666666666665,54.1385,42.995000000000005,14.383000000000001,18.4956,179.459,56.980000000000004,99.392,9.596666666666668,19.423000000000002,,,,,,,,,,,,,,,,,,,
1883,15881.716500000111,15878.970500000161,43794.09299999957,13185.784000000061,245.53949999999998,14388.034500000085,6810.642000000014,8687.143000000031,8487.138000000037,16846.745000000155,3935.700499999995,2485.4409999999966,1095.5699999999995,9778.633500000129,6255.969999999998,9629.523500000072,2285.910999999999,1752.3669999999981,1076.1225000000004,1370.2555000000004,2380.371499999997,2815.5274999999974,4311.330999999992,4173.063999999992,523.8814999999998,6221.601500000017,853.1145000000001,9672.61350000002,4572.662999999988,155.749,2121.256499999998,897.3674999999997,1541.2004999999995,534.3124999999998,1381.7509999999995,584.4944999999997,825.9380000000002,422.7929999999999,1653.0070000000007,786.1504999999997,1252.2979999999995,137.23450000000003,388.09350000000006,3558.6209999999965,314.0835000000001,1267.242,727.0525,1197.6670000000006,305.03200000000004,134.481,298.5285,76.971,691.4374999999998,434.6275,141.1125,650.7634999999997,245.49150000000006,819.0609999999999,88.083,20.4655,47.275,484.9449999999998,39.81,767.274,40.33699999999999,83.36300000000003,95.08249999999998,585.5099999999998,57.2635,39.3085,207.097,148.28050000000002,65.806,70.422,152.9575,16.189,73.61775,49.2175,19.209500000000002,20.2134,259.00849999999997,70.13,121.23799999999999,11.815,23.9695,,,,,,,,,,,,,,,,,,,
1884,16879.092000000106,16173.964000000153,49729.46399999958,13699.152000000058,257.996,15187.87600000008,7220.056000000013,9103.694000000029,8536.334000000033,18163.330000000155,4009.5539999999955,2481.4279999999967,1291.3699999999994,9772.228000000121,7131.119999999999,9930.128000000068,2801.357999999999,1832.0659999999984,1092.3800000000003,1381.7040000000004,2456.7119999999973,2870.2599999999975,4530.477999999992,4488.291999999993,553.7819999999999,6521.6520000000155,1022.7260000000002,10523.378000000019,4735.653999999988,158.62199999999999,2316.3619999999983,945.8399999999998,1657.1539999999995,549.3499999999998,1667.6979999999994,574.4259999999997,800.8940000000002,465.57399999999996,1662.9360000000006,811.3939999999998,1526.0239999999994,146.086,440.778,3991.597999999997,326.84800000000007,1244.416,805.82,1232.5460000000005,312.3260000000001,144.718,345.778,82.088,751.4999999999998,420.3,168.18,684.8879999999997,272.0520000000001,882.928,100.814,22.474,49.73,492.0099999999999,46.303333333333335,833.922,52.122666666666646,109.4906666666667,113.38999999999999,633.1499999999999,59.628,40.698,269.36600000000004,174.00400000000002,72.608,83.74933333333333,156.1,18.245333333333335,93.09700000000001,55.44,24.036,21.9312,338.558,83.28,143.084,14.033333333333333,28.516,,,,,,,,,,,,,,,,,,,
1885,17876.4675000001,16468.957500000146,55664.834999999584,14212.520000000055,270.4525,15987.717500000079,7629.470000000012,9520.245000000028,8585.530000000032,19479.915000000154,4083.4074999999957,2477.414999999997,1487.1699999999994,9765.822500000113,8006.27,10230.732500000064,3316.8049999999985,1911.7649999999985,1108.6375000000003,1393.1525000000004,2533.0524999999975,2924.9924999999976,4749.624999999993,4803.519999999993,583.6824999999999,6821.702500000014,1192.3375,11374.142500000018,4898.644999999989,161.495,2511.4674999999984,994.3124999999998,1773.1074999999996,564.3874999999998,1953.6449999999993,564.3574999999997,775.8500000000003,508.35499999999996,1672.8650000000007,836.6374999999998,1799.7499999999993,154.93750000000003,493.4625000000001,4424.574999999997,339.61250000000007,1221.5900000000001,884.5875000000001,1267.4250000000004,319.62000000000006,154.95499999999998,393.02750000000003,87.205,811.5624999999998,405.9725,195.2475,719.0124999999998,298.61250000000007,946.7950000000001,113.545,24.4825,52.185,499.0749999999999,52.79666666666667,900.57,63.90833333333332,135.61833333333337,131.6975,680.7899999999998,61.9925,42.0875,331.63500000000005,199.72750000000002,79.41,97.07666666666665,159.2425,20.301666666666666,112.57625000000002,61.6625,28.8625,23.649,418.10749999999996,96.43,164.93,16.251666666666665,33.0625,,,,,,,,,,,,,,,,,,,
1886,18873.843000000095,16763.951000000136,61600.20599999958,14725.88800000005,282.909,16787.559000000074,8038.884000000011,9936.796000000028,8634.72600000003,20796.50000000015,4157.260999999997,2473.401999999997,1682.9699999999991,9759.417000000105,8881.420000000002,10531.33700000006,3832.2519999999986,1991.4639999999986,1124.8950000000004,1404.6010000000003,2609.3929999999978,2979.7249999999976,4968.771999999992,5118.747999999994,613.5829999999999,7121.753000000013,1361.9490000000003,12224.907000000017,5061.6359999999895,164.368,2706.5729999999985,1042.7849999999999,1889.0609999999997,579.4249999999998,2239.5919999999996,554.2889999999998,750.8060000000003,551.136,1682.7940000000008,861.8809999999999,2073.475999999999,163.78900000000004,546.147,4857.551999999998,352.37700000000007,1198.7640000000001,963.3550000000002,1302.3040000000005,326.91400000000004,165.19199999999998,440.277,92.322,871.6249999999998,391.645,222.31500000000003,753.1369999999998,325.1730000000001,1010.662,126.276,26.491,54.64,506.1399999999999,59.290000000000006,967.2180000000001,75.69399999999997,161.74600000000004,150.005,728.4299999999998,64.357,43.477000000000004,393.90400000000005,225.45100000000002,86.21199999999999,110.404,162.385,22.358,132.0555,67.885,33.68900000000001,25.366799999999998,497.657,109.58000000000001,186.77599999999998,18.47,37.609,,,,,,,,,,,,,,,,,,,
1887,19871.218500000086,17058.94450000013,67535.57699999958,15239.256000000049,295.3655,17587.40050000007,8448.29800000001,10353.347000000025,8683.922000000028,22113.08500000015,4231.114499999997,2469.388999999997,1878.769999999999,9753.011500000097,9756.570000000003,10831.941500000055,4347.698999999999,2071.1629999999986,1141.1525000000004,1416.0495000000003,2685.733499999998,3034.4574999999977,5187.918999999993,5433.975999999994,643.4834999999999,7421.803500000011,1531.5605000000005,13075.671500000019,5224.6269999999895,167.24099999999999,2901.678499999998,1091.2574999999997,2005.0144999999998,594.4624999999999,2525.5389999999993,544.2204999999997,725.7620000000002,593.917,1692.7230000000006,887.1244999999998,2347.201999999999,172.64050000000003,598.8315,5290.528999999999,365.14150000000006,1175.938,1042.1225000000002,1337.1830000000004,334.208,175.42899999999997,487.5265,97.439,931.6874999999999,377.3175,249.38250000000002,787.2614999999998,351.73350000000005,1074.529,139.007,28.4995,57.095,513.2049999999999,65.78333333333333,1033.8660000000002,87.47966666666665,187.8736666666667,168.31249999999997,776.0699999999999,66.72149999999999,44.8665,456.17300000000006,251.17450000000002,93.014,123.73133333333332,165.5275,24.41433333333333,151.53475,74.1075,38.5155,27.084600000000002,577.2065,122.72999999999999,208.62199999999999,20.688333333333333,42.155499999999996,,,,,,,,,,,,,,,,,,,
1888,20868.59400000008,17353.93800000012,73470.9479999996,15752.624000000043,307.822,18387.242000000067,8857.712000000009,10769.898000000023,8733.118000000026,23429.670000000147,4304.967999999997,2465.3759999999975,2074.5699999999993,9746.606000000089,10631.720000000005,11132.54600000005,4863.145999999998,2150.8619999999987,1157.4100000000003,1427.4980000000003,2762.073999999998,3089.1899999999982,5407.0659999999925,5749.203999999994,673.3839999999999,7721.85400000001,1701.1720000000005,13926.436000000016,5387.61799999999,170.114,3096.7839999999983,1139.7299999999998,2120.968,609.4999999999999,2811.485999999999,534.1519999999997,700.7180000000002,636.6980000000001,1702.6520000000007,912.3679999999998,2620.927999999999,181.49200000000005,651.5160000000001,5723.5059999999985,377.90600000000006,1153.112,1120.8900000000003,1372.0620000000004,341.502,185.666,534.7760000000001,102.556,991.7499999999999,362.99,276.45000000000005,821.3859999999999,378.2940000000001,1138.3960000000002,151.738,30.508000000000003,59.55,520.2699999999999,72.27666666666667,1100.5140000000001,99.2653333333333,214.00133333333338,186.61999999999998,823.7099999999999,69.086,46.256,518.442,276.898,99.816,137.05866666666665,168.67,26.470666666666666,171.014,80.33,43.342,28.8024,656.756,135.88,230.468,22.906666666666666,46.702,,,,,,,,,,,,,,,,,,,
1889,21865.969500000076,17648.93150000011,79406.31899999961,16265.992000000042,320.2785,19187.083500000066,9267.126000000007,11186.449000000022,8782.314000000024,24746.255000000147,4378.821499999998,2461.3629999999976,2270.369999999999,9740.20050000008,11506.870000000006,11433.150500000047,5378.592999999998,2230.560999999999,1173.6675000000002,1438.9465000000002,2838.414499999998,3143.9224999999983,5626.2129999999925,6064.431999999995,703.2845,8021.904500000008,1870.7835000000005,14777.200500000017,5550.608999999991,172.987,3291.8894999999984,1188.2024999999999,2236.9215,624.5374999999999,3097.432999999999,524.0834999999997,675.6740000000002,679.479,1712.5810000000006,937.6114999999999,2894.6539999999986,190.34350000000006,704.2005,6156.482999999998,390.67050000000006,1130.286,1199.6575000000003,1406.9410000000003,348.79600000000005,195.90299999999996,582.0255,107.673,1051.8125,348.6625,303.51750000000004,855.5104999999999,404.85450000000014,1202.2630000000001,164.469,32.5165,62.005,527.3349999999999,78.77000000000001,1167.1620000000003,111.05099999999996,240.12900000000005,204.92749999999998,871.3499999999999,71.4505,47.6455,580.711,302.6215,106.618,150.386,171.8125,28.527,190.49325000000002,86.5525,48.16850000000001,30.520200000000003,736.3054999999999,149.03,252.314,25.125,51.2485,,,,,,,,,,,,,,,,,,,
1890,22863.34500000007,17943.925000000105,85341.68999999961,16779.360000000037,332.735,19986.92500000006,9676.540000000006,11603.000000000022,8831.51000000002,26062.840000000146,4452.674999999998,2457.3499999999976,2466.169999999999,9733.795000000071,12382.020000000006,11733.755000000041,5894.039999999997,2310.259999999999,1189.9250000000002,1450.3950000000004,2914.7549999999983,3198.6549999999984,5845.359999999992,6379.659999999996,733.185,8321.955000000007,2040.3950000000004,15627.965000000015,5713.599999999991,175.86,3486.994999999998,1236.675,2352.875,639.5749999999998,3383.379999999999,514.0149999999998,650.6300000000001,722.2600000000001,1722.5100000000007,962.8549999999998,3168.3799999999987,199.19500000000005,756.8850000000001,6589.459999999999,403.43500000000006,1107.46,1278.4250000000004,1441.8200000000002,356.09000000000003,206.14,629.2750000000001,112.78999999999999,1111.875,334.33500000000004,330.58500000000004,889.6349999999999,431.4150000000001,1266.13,177.2,34.525,64.46000000000001,534.3999999999999,85.26333333333334,1233.8100000000004,122.83666666666663,266.2566666666668,223.23499999999999,918.99,73.815,49.035,642.98,328.345,113.41999999999999,163.7133333333333,174.95499999999998,30.583333333333332,209.97250000000003,92.775,52.995000000000005,32.238,815.8549999999999,162.18,274.15999999999997,27.343333333333334,55.795,,,,,,,,,,,,,,,,,,,
1891,23860.720500000065,18238.918500000094,91277.06099999961,17292.728000000036,345.1915,20786.766500000056,10085.954000000005,12019.55100000002,8880.706000000018,27379.42500000014,4526.5284999999985,2453.3369999999977,2661.969999999999,9727.389500000063,13257.170000000007,12034.359500000037,6409.486999999997,2389.958999999999,1206.1825000000003,1461.8435000000004,2991.0954999999985,3253.3874999999985,6064.506999999992,6694.887999999996,763.0854999999999,8622.005500000005,2210.0065000000004,16478.729500000016,5876.590999999992,178.733,3682.100499999998,1285.1475,2468.8285,654.6125,3669.3269999999993,503.9464999999998,625.5860000000001,765.0410000000002,1732.4390000000008,988.0984999999998,3442.105999999999,208.04650000000007,809.5695000000001,7022.437,416.19950000000006,1084.634,1357.1925000000003,1476.6990000000003,363.384,216.37699999999998,676.5245,117.907,1171.9375,320.0075,357.65250000000003,923.7594999999999,457.9755000000001,1329.9970000000003,189.93099999999998,36.533500000000004,66.915,541.4649999999999,91.75666666666667,1300.4580000000005,134.62233333333327,292.3843333333334,241.54249999999996,966.6299999999999,76.17949999999999,50.4245,705.249,354.06850000000003,120.22200000000001,177.04066666666665,178.0975,32.63966666666667,229.45175,98.9975,57.8215,33.9558,895.4045,175.33,296.006,29.561666666666667,60.341499999999996,,,,,,,,,,,,,,,,,,,
1892,24858.09600000006,18533.912000000084,97212.43199999961,17806.09600000003,357.648,21586.60800000005,10495.368000000002,12436.102000000017,8929.902000000016,28696.01000000014,4600.382,2449.323999999998,2857.7699999999986,9720.984000000055,14132.320000000009,12334.964000000033,6924.9339999999975,2469.657999999999,1222.4400000000003,1473.2920000000004,3067.435999999999,3308.119999999999,6283.653999999992,7010.115999999996,792.986,8922.056000000004,2379.6180000000004,17329.494000000017,6039.581999999993,181.606,3877.2059999999983,1333.62,2584.782,669.6499999999999,3955.2739999999994,493.8779999999998,600.5420000000001,807.8220000000001,1742.3680000000006,1013.3419999999999,3715.8319999999985,216.89800000000008,862.254,7455.414000000001,428.96400000000006,1061.808,1435.9600000000005,1511.5780000000002,370.678,226.61399999999998,723.7739999999999,123.024,1232.0,305.68,384.72,957.884,484.5360000000002,1393.8640000000003,202.66199999999998,38.542,69.37,548.53,98.25000000000001,1367.1060000000004,146.40799999999993,318.5120000000001,259.84999999999997,1014.27,78.544,51.814,767.518,379.79200000000003,127.024,190.368,181.24,34.696,248.931,105.22,62.64800000000001,35.6736,974.954,188.48000000000002,317.852,31.779999999999998,64.888,,,,,,,,,,,,,,,,,,,
1893,25855.471500000054,18828.905500000077,103147.80299999962,18319.46400000003,370.10450000000003,22386.44950000005,10904.782000000003,12852.653000000017,8979.098000000015,30012.59500000014,4674.2355,2445.3109999999983,3053.569999999999,9714.578500000047,15007.47000000001,12635.568500000029,7440.380999999997,2549.356999999999,1238.6975000000002,1484.7405000000003,3143.776499999999,3362.852499999999,6502.800999999992,7325.343999999997,822.8865000000001,9222.106500000002,2549.229500000001,18180.258500000014,6202.572999999993,184.47899999999998,4072.3114999999984,1382.0925,2700.7355000000002,684.6875,4241.220999999999,483.80949999999984,575.4980000000002,850.6030000000002,1752.2970000000007,1038.5855,3989.557999999998,225.74950000000007,914.9385000000001,7888.3910000000005,441.72850000000005,1038.982,1514.7275000000006,1546.457,377.972,236.85099999999997,771.0235,128.141,1292.0625,291.3525,411.7875,992.0084999999999,511.0965000000001,1457.7310000000002,215.39299999999997,40.5505,71.825,555.5949999999999,104.74333333333334,1433.7540000000004,158.1936666666666,344.63966666666676,278.15749999999997,1061.91,80.9085,53.2035,829.787,405.51550000000003,133.826,203.6953333333333,184.3825,36.75233333333333,268.41025,111.4425,67.4745,37.3914,1054.5034999999998,201.63000000000002,339.698,33.998333333333335,69.4345,,,,,,,,,,,,,,,,,,,
1894,26852.847000000045,19123.89900000007,109083.17399999962,18832.832000000024,382.56100000000004,23186.29100000005,11314.196,13269.204000000016,9028.294000000013,31329.18000000014,4748.089,2441.2979999999984,3249.3699999999985,9708.173000000039,15882.62000000001,12936.173000000024,7955.827999999997,2629.0559999999996,1254.9550000000004,1496.1890000000003,3220.1169999999993,3417.584999999999,6721.947999999993,7640.571999999997,852.787,9522.157000000001,2718.841000000001,19031.023000000016,6365.563999999994,187.352,4267.416999999998,1430.565,2816.6890000000003,699.7249999999999,4527.167999999999,473.7409999999999,550.4540000000002,893.3840000000002,1762.2260000000006,1063.829,4263.283999999998,234.60100000000008,967.623,8321.368000000002,454.49300000000005,1016.156,1593.4950000000006,1581.3360000000002,385.26599999999996,247.088,818.2729999999999,133.258,1352.125,277.025,438.855,1026.133,537.6570000000002,1521.5980000000004,228.12400000000002,42.559000000000005,74.28,562.66,111.23666666666668,1500.4020000000005,169.97933333333327,370.76733333333345,296.4649999999999,1109.55,83.273,54.593,892.056,431.23900000000003,140.628,217.02266666666665,187.525,38.80866666666667,287.8895,117.665,72.301,39.1092,1134.0529999999999,214.78,361.544,36.21666666666667,73.981,,,,,,,,,,,,,,,,,,,
1895,27850.22250000004,19418.89250000006,115018.54499999963,19346.20000000002,395.01750000000004,23986.132500000043,11723.61,13685.755000000014,9077.49000000001,32645.765000000138,4821.942500000001,2437.2849999999985,3445.1699999999987,9701.76750000003,16757.77000000001,13236.77750000002,8471.274999999996,2708.754999999999,1271.2125000000003,1507.6375000000003,3296.457499999999,3472.317499999999,6941.094999999992,7955.799999999998,882.6875,9822.2075,2888.452500000001,19881.787500000013,6528.554999999995,190.225,4462.522499999998,1479.0375,2932.6425000000004,714.7624999999999,4813.114999999999,463.6724999999999,525.4100000000001,936.1650000000002,1772.1550000000007,1089.0724999999998,4537.009999999998,243.45250000000007,1020.3075000000001,8754.345000000001,467.25750000000005,993.33,1672.2625000000005,1616.2150000000001,392.55999999999995,257.325,865.5225,138.375,1412.1875,262.6975,465.9225,1060.2575000000002,564.2175000000002,1585.4650000000004,240.85500000000002,44.5675,76.73500000000001,569.7249999999999,117.73,1567.0500000000006,181.76499999999993,396.8950000000001,314.7724999999999,1157.19,85.63749999999999,55.9825,954.325,456.96250000000003,147.43,230.34999999999997,190.6675,40.864999999999995,307.36875000000003,123.8875,77.12750000000001,40.827,1213.6024999999997,227.93,383.39,38.435,78.5275,,,,,,,,,,,,,,,,,,,
1896,28847.598000000035,19713.886000000053,120953.91599999963,19859.568000000017,407.47400000000005,24785.97400000004,12133.023999999998,14102.306000000011,9126.686000000009,33962.35000000014,4895.796000000001,2433.2719999999986,3640.9699999999984,9695.362000000023,17632.920000000013,13537.382000000016,8986.721999999996,2788.4539999999997,1287.4700000000003,1519.0860000000002,3372.7979999999993,3527.0499999999993,7160.241999999993,8271.027999999998,912.588,10122.257999999998,3058.0640000000008,20732.552000000014,6691.545999999995,193.098,4657.627999999999,1527.51,3048.5960000000005,729.8,5099.061999999999,453.6039999999999,500.3660000000001,978.9460000000003,1782.0840000000007,1114.3159999999998,4810.735999999998,252.3040000000001,1072.992,9187.322000000002,480.02200000000005,970.504,1751.0300000000007,1651.094,399.854,267.562,912.7719999999999,143.492,1472.25,248.37,492.99,1094.382,590.7780000000001,1649.3320000000003,253.586,46.576,79.19,576.79,124.22333333333334,1633.6980000000008,193.5506666666666,423.0226666666668,333.0799999999999,1204.8300000000002,88.002,57.372,1016.594,482.68600000000004,154.232,243.6773333333333,193.81,42.92133333333334,326.848,130.11,81.95400000000001,42.5448,1293.1519999999998,241.08,405.236,40.653333333333336,83.074,,,,,,,,,,,,,,,,,,,
1897,29844.97350000003,20008.879500000043,126889.28699999963,20372.936000000016,419.93050000000005,25585.815500000037,12542.437999999998,14518.85700000001,9175.882000000005,35278.935000000136,4969.649500000001,2429.2589999999987,3836.769999999998,9688.956500000015,18508.070000000014,13837.986500000012,9502.168999999996,2868.1529999999993,1303.7275000000002,1530.5345000000002,3449.1384999999996,3581.7824999999993,7379.388999999992,8586.255999999998,942.4885,10422.308499999996,3227.6755000000007,21583.31650000001,6854.536999999996,195.971,4852.7334999999985,1575.9825,3164.5495000000005,744.8375,5385.008999999999,443.53549999999996,475.3220000000001,1021.7270000000003,1792.0130000000006,1139.5594999999998,5084.461999999998,261.1555000000001,1125.6765,9620.299000000003,492.78650000000005,947.678,1829.7975000000008,1685.973,407.14799999999997,277.799,960.0215000000001,148.609,1532.3125,234.04250000000002,520.0575,1128.5065,617.3385000000002,1713.1990000000005,266.317,48.5845,81.64500000000001,583.8549999999999,130.7166666666667,1700.346000000001,205.33633333333324,449.1503333333335,351.38749999999993,1252.47,90.3665,58.7615,1078.863,508.40950000000004,161.034,257.00466666666665,196.9525,44.977666666666664,346.32725,136.3325,86.7805,44.2626,1372.7015,254.23000000000002,427.082,42.87166666666667,87.62049999999999,,,,,,,,,,,,,,,,,,,
1898,30842.349000000024,20303.873000000036,132824.65799999965,20886.30400000001,432.38700000000006,26385.657000000036,12951.851999999995,14935.40800000001,9225.078000000003,36595.520000000135,5043.503000000002,2425.245999999999,4032.5699999999983,9682.551000000007,19383.220000000016,14138.591000000008,10017.615999999996,2947.852,1319.9850000000001,1541.9830000000002,3525.4789999999994,3636.515,7598.535999999993,8901.484,972.389,10722.358999999995,3397.2870000000007,22434.081000000013,7017.527999999997,198.844,5047.838999999998,1624.455,3280.5030000000006,759.875,5670.955999999999,433.4669999999999,450.2780000000001,1064.5080000000003,1801.9420000000007,1164.8029999999999,5358.187999999997,270.00700000000006,1178.361,10053.276000000002,505.55100000000004,924.8520000000001,1908.5650000000007,1720.8519999999999,414.44199999999995,288.03599999999994,1007.271,153.726,1592.3750000000002,219.71500000000003,547.125,1162.631,643.8990000000002,1777.0660000000005,279.048,50.593,84.10000000000001,590.92,137.21,1766.9940000000006,217.1219999999999,475.27800000000013,369.69499999999994,1300.1100000000001,92.731,60.150999999999996,1141.132,534.133,167.83599999999998,270.332,200.095,47.034000000000006,365.8065,142.555,91.60700000000001,45.9804,1452.2509999999997,267.38,448.928,45.09,92.167,,,,,,,,,,,,,,,,,,,
1899,31839.72450000002,20598.866500000026,138760.02899999963,21399.672000000006,444.84350000000006,27185.49850000003,13361.265999999996,15351.959000000008,9274.274000000001,37912.105000000134,5117.356500000003,2421.2329999999993,4228.369999999998,9676.145499999999,20258.370000000017,14439.195500000003,10533.062999999995,3027.5509999999995,1336.2425000000003,1553.4315000000001,3601.8194999999996,3691.2475,7817.682999999993,9216.712,1002.2895000000001,11022.409499999994,3566.8985000000007,23284.84550000001,7180.518999999997,201.71699999999998,5242.944499999998,1672.9275,3396.4565000000007,774.9125,5956.902999999998,423.39849999999996,425.23400000000004,1107.2890000000002,1811.8710000000005,1190.0465,5631.913999999998,278.8585000000001,1231.0455,10486.253000000002,518.3155,902.0260000000001,1987.332500000001,1755.731,421.736,298.273,1054.5205,158.843,1652.4375000000002,205.3875,574.1925,1196.7555000000002,670.4595000000002,1840.9330000000007,291.779,52.6015,86.555,597.9849999999999,143.70333333333335,1833.6420000000007,228.9076666666666,501.40566666666683,388.00249999999994,1347.7500000000002,95.09549999999999,61.5405,1203.401,559.8565000000001,174.638,283.65933333333334,203.2375,49.090333333333334,385.28575,148.7775,96.43350000000001,47.6982,1531.8004999999998,280.53,470.774,47.30833333333334,96.7135,,,,,,,,,,,,,,,,,,,
1900,32837.10000000001,20893.86000000002,144695.39999999964,21913.040000000005,457.3,27985.340000000026,13770.679999999993,15768.510000000006,9323.47,39228.69000000013,5191.210000000003,2417.2199999999993,4424.169999999998,9669.73999999999,21133.52000000002,14739.8,11048.509999999995,3107.25,1352.5000000000002,1564.88,3678.16,3745.98,8036.829999999993,9531.94,1032.19,11322.459999999992,3736.510000000001,24135.61000000001,7343.5099999999975,204.59,5438.049999999998,1721.4,3512.4100000000008,789.95,6242.8499999999985,413.33,400.19000000000005,1150.0700000000004,1821.8000000000006,1215.29,5905.639999999998,287.7100000000001,1283.73,10919.230000000003,531.08,879.2,2066.100000000001,1790.61,429.03,308.51,1101.77,163.96,1712.5000000000002,191.06,601.26,1230.88,697.0200000000002,1904.8000000000006,304.51,54.61,89.01,605.05,150.19666666666666,1900.2900000000006,240.69333333333324,527.5333333333335,406.31,1395.39,97.46,62.93,1265.67,585.58,181.44,296.9866666666666,206.38,51.14666666666666,404.76500000000004,155.0,101.26,49.416000000000004,1611.35,293.68,492.62,49.52666666666667,101.26,,101.26,177.64,89.01,,,,,,,,,,,,,,,
1901,34307.76299999996,21228.271999999997,153690.46199999918,21937.57499999999,440.254,28126.915999999997,14100.309999999983,15876.843999999996,9366.378999999997,40734.26800000007,5116.6910000000025,2447.9959999999996,5114.770999999995,10214.395999999984,22526.786999999986,14714.361999999992,12288.575999999977,3083.3650000000002,1403.6960000000004,1594.8380000000002,4027.444,3923.5490000000004,8143.863999999992,9733.276999999996,1015.023,11323.231999999989,3549.305000000001,26146.555999999968,7691.979999999995,399.2610000000001,5338.846999999999,1914.9810000000002,3770.704000000001,840.033,7203.35599999999,479.562,424.71000000000004,1107.7875000000004,1919.2890000000007,1237.181,6677.565999999992,388.0170000000001,1406.342,11196.967999999997,499.485,1027.9230000000002,2124.817000000001,1862.534,436.32399999999996,342.198,1149.0194999999999,169.077,1942.8260000000002,258.00600000000003,713.238,1344.4350000000002,641.6600000000002,2144.580000000001,295.572,56.618500000000004,,745.3330000000001,156.69,2126.1790000000005,252.4789999999999,553.6610000000002,451.731,1578.5460000000003,123.56899999999999,64.3195,1217.9840000000002,942.9400000000002,227.83499999999998,310.31399999999996,207.255,53.203,424.24425,183.046,106.22850000000001,51.1338,1858.962,292.996,536.581,51.745000000000005,177.18600000000004,,136.78000000000003,202.902,,,,,,,,,,,,,,,,
1902,35778.42599999992,21562.683999999976,162685.52399999875,21962.10999999997,423.208,28268.49199999997,14429.939999999973,15985.177999999985,9409.287999999997,42239.846,5042.172000000002,2478.7719999999995,5805.371999999992,10759.051999999978,23920.053999999953,14688.923999999985,13528.64199999996,3059.48,1454.8920000000003,1624.7960000000003,4376.728,4101.118,8250.897999999992,9934.613999999992,997.8560000000001,11324.003999999986,3362.1000000000013,28157.501999999924,8040.4499999999925,593.9320000000001,5239.643999999999,2108.5620000000004,4028.998000000001,890.1160000000001,8163.861999999981,545.794,449.23,1065.5050000000003,2016.7780000000007,1259.0720000000001,7449.491999999986,488.3240000000001,1528.9540000000002,11474.70599999999,467.89000000000004,1176.6460000000002,2183.534000000001,1934.458,443.61799999999994,375.88599999999997,1196.269,174.194,2173.1520000000005,324.95200000000006,825.2160000000001,1457.9900000000002,586.3000000000002,2384.3600000000006,286.634,58.627,,885.6160000000001,163.18333333333334,2352.0680000000007,264.2646666666666,579.7886666666668,497.15200000000004,1761.7020000000002,149.67799999999997,65.709,1170.298,1300.3000000000002,274.23,323.6413333333333,208.13,55.25933333333333,443.7235,211.09199999999998,111.197,52.851600000000005,2106.574,292.312,580.542,53.96333333333334,253.11200000000002,,172.3,228.164,,,,,,,,,,,,,,,,
1903,37249.08899999987,21897.095999999958,171680.5859999983,21986.644999999953,406.16200000000003,28410.06799999994,14759.569999999965,16093.511999999973,9452.196999999995,43745.423999999926,4967.653000000002,2509.548,6495.972999999988,11303.707999999971,25313.320999999916,14663.485999999979,14768.707999999942,3035.5950000000003,1506.0880000000004,1654.7540000000004,4726.012000000001,4278.687000000001,8357.931999999992,10135.95099999999,980.6890000000001,11324.775999999983,3174.895000000001,30168.44799999988,8388.91999999999,788.6030000000003,5140.440999999999,2302.1430000000005,4287.292000000001,940.1990000000001,9124.367999999971,612.0260000000001,473.75,1023.2225000000003,2114.2670000000007,1280.9630000000002,8221.41799999998,588.6310000000001,1651.5660000000003,11752.443999999983,436.295,1325.3690000000001,2242.2510000000007,2006.382,450.9119999999999,409.574,1243.5185,179.311,2403.4780000000005,391.8980000000001,937.1940000000002,1571.5450000000003,530.94,2624.140000000001,277.69599999999997,60.6355,,1025.8990000000001,169.67666666666668,2577.957000000001,276.05033333333324,605.9163333333335,542.5730000000001,1944.8580000000004,175.78699999999998,67.0985,1122.612,1657.6600000000003,320.625,336.96866666666665,209.005,57.31566666666667,463.20275000000004,239.13799999999995,116.16550000000001,54.5694,2354.1860000000006,291.628,624.5029999999999,56.18166666666667,329.03800000000007,,207.82000000000005,253.42599999999996,,,,,,,,,,,,,,,,
1904,38719.75199999982,22231.507999999936,180675.64799999783,22011.17999999994,389.116,28551.643999999913,15089.199999999955,16201.845999999963,9495.105999999994,45251.00199999986,4893.134000000002,2540.324,7186.573999999985,11848.363999999965,26706.587999999883,14638.047999999972,16008.773999999925,3011.7100000000005,1557.2840000000003,1684.7120000000004,5075.296000000001,4456.256000000001,8464.965999999991,10337.287999999986,963.5220000000002,11325.54799999998,2987.690000000001,32179.393999999833,8737.389999999987,983.2740000000003,5041.237999999999,2495.7240000000006,4545.586000000001,990.2820000000002,10084.873999999963,678.258,498.27000000000004,980.9400000000003,2211.7560000000008,1302.8540000000003,8993.343999999975,688.9380000000001,1774.1780000000003,12030.181999999977,404.70000000000005,1474.0920000000003,2300.9680000000008,2078.3060000000005,458.2059999999999,443.262,1290.7679999999998,184.428,2633.8040000000005,458.8440000000001,1049.1720000000003,1685.1000000000004,475.5800000000001,2863.920000000001,268.758,62.644000000000005,,1166.1820000000002,176.17000000000002,2803.846000000001,287.8359999999999,632.0440000000002,587.9940000000001,2128.0140000000006,201.89599999999996,68.488,1074.9260000000002,2015.0200000000004,367.02,350.296,209.88,59.372,482.682,267.18399999999997,121.13400000000001,56.2872,2601.7980000000007,290.944,668.4639999999999,58.39999999999999,404.96400000000006,,243.34000000000003,278.688,,,,,,,,,,,,,,,,
1905,40190.414999999775,22565.919999999915,189670.7099999974,22035.714999999924,372.07,28693.219999999885,15418.829999999945,16310.179999999953,9538.014999999992,46756.5799999998,4818.615000000002,2571.1000000000004,7877.174999999982,12393.01999999996,28099.85499999985,14612.609999999964,17248.83999999991,2987.8250000000007,1608.4800000000005,1714.6700000000005,5424.580000000002,4633.825000000002,8571.999999999993,10538.624999999982,946.3550000000001,11326.319999999978,2800.485000000001,34190.33999999979,9085.859999999984,1177.9450000000004,4942.035,2689.3050000000007,4803.880000000001,1040.3650000000002,11045.379999999954,744.49,522.79,938.6575000000003,2309.245000000001,1324.7450000000003,9765.269999999968,789.2450000000001,1896.7900000000004,12307.91999999997,373.105,1622.8150000000005,2359.685000000001,2150.2300000000005,465.4999999999999,476.95,1338.0175,189.545,2864.130000000001,525.7900000000002,1161.1500000000003,1798.6550000000004,420.2200000000001,3103.7000000000007,259.82,64.6525,,1306.4650000000004,182.66333333333336,3029.7350000000006,299.62166666666656,658.1716666666669,633.4150000000001,2311.170000000001,228.00499999999994,69.8775,1027.2400000000002,2372.3800000000006,413.41499999999996,363.6233333333333,210.755,61.42833333333333,502.16125,295.2299999999999,126.1025,58.005,2849.4100000000008,290.26,712.425,60.618333333333325,480.8900000000001,,278.86000000000007,303.94999999999993,,,,,,,,,,,,,,,,
1906,41661.077999999725,22900.331999999893,198665.77199999694,22060.249999999905,355.024,28834.79599999986,15748.459999999935,16418.51399999994,9580.92399999999,48262.15799999973,4744.096000000002,2601.876,8567.775999999978,12937.675999999954,29493.121999999817,14587.171999999957,18488.90599999989,2963.9400000000005,1659.6760000000004,1744.6280000000006,5773.864000000001,4811.394000000002,8679.033999999992,10739.961999999978,929.1880000000001,11327.091999999977,2613.2800000000007,36201.285999999745,9434.329999999982,1372.6160000000004,4842.832,2882.886000000001,5062.174000000002,1090.448,12005.885999999944,810.722,547.31,896.3750000000003,2406.7340000000013,1346.6360000000004,10537.195999999964,889.5520000000001,2019.4020000000005,12585.657999999963,341.51,1771.5380000000005,2418.402000000001,2222.1540000000005,472.79399999999987,510.63800000000003,1385.2669999999998,194.662,3094.456000000001,592.7360000000001,1273.1280000000004,1912.2100000000005,364.86,3343.480000000001,250.882,66.661,,1446.7480000000005,189.1566666666667,3255.6240000000007,311.4073333333332,684.2993333333335,678.8360000000001,2494.326000000001,254.11399999999992,71.267,979.5540000000001,2729.7400000000007,459.81,376.9506666666666,211.63,63.48466666666667,521.6405,323.2759999999999,131.071,59.7228,3097.022000000001,289.57599999999996,756.386,62.83666666666666,556.8160000000001,,314.38000000000005,329.21199999999993,,,,,,,,,,,,,,,,
1907,43131.740999999674,23234.74399999987,207660.83399999648,22084.784999999887,337.978,28976.371999999832,16078.089999999926,16526.847999999933,9623.83299999999,49767.735999999655,4669.577000000002,2632.6520000000005,9258.376999999975,13482.331999999948,30886.388999999785,14561.73399999995,19728.97199999987,2940.0550000000007,1710.8720000000005,1774.5860000000005,6123.148000000002,4988.963000000002,8786.067999999992,10941.298999999974,912.0210000000002,11327.863999999974,2426.0750000000007,38212.2319999997,9782.79999999998,1567.2870000000005,4743.629000000001,3076.467000000001,5320.468000000002,1140.5310000000002,12966.391999999934,876.9540000000001,571.83,854.0925000000003,2504.2230000000013,1368.5270000000003,11309.121999999958,989.8590000000002,2142.0140000000006,12863.395999999957,309.91499999999996,1920.2610000000006,2477.119000000001,2294.0780000000004,480.08799999999985,544.326,1432.5165,199.779,3324.782000000001,659.6820000000002,1385.1060000000004,2025.7650000000006,309.5,3583.260000000001,241.94400000000002,68.6695,,1587.0310000000004,195.65000000000003,3481.513000000001,323.1929999999999,710.4270000000002,724.2570000000001,2677.482000000001,280.22299999999996,72.6565,931.8680000000002,3087.100000000001,506.205,390.27799999999996,212.505,65.541,541.11975,351.3219999999999,136.0395,61.4406,3344.634000000001,288.892,800.347,65.05499999999999,632.7420000000001,,349.9000000000001,354.47399999999993,,,,,,,,,,,,,,,,
1908,44602.40399999963,23569.155999999854,216655.89599999605,22109.319999999872,320.932,29117.947999999804,16407.719999999917,16635.18199999992,9666.741999999987,51273.31399999959,4595.058000000002,2663.428000000001,9948.977999999972,14026.987999999941,32279.655999999748,14536.295999999944,20969.037999999855,2916.170000000001,1762.0680000000007,1804.5440000000006,6472.4320000000025,5166.532000000002,8893.101999999992,11142.635999999971,894.8540000000002,11328.635999999971,2238.870000000001,40223.17799999966,10131.269999999977,1761.9580000000005,4644.426,3270.048000000001,5578.762000000002,1190.614,13926.897999999926,943.1860000000001,596.35,811.8100000000003,2601.7120000000014,1390.4180000000003,12081.047999999952,1090.1660000000002,2264.6260000000007,13141.13399999995,278.32,2068.9840000000004,2535.8360000000007,2366.0020000000004,487.3819999999999,578.014,1479.7659999999998,204.89600000000002,3555.108000000001,726.6280000000002,1497.0840000000005,2139.3200000000006,254.14,3823.040000000001,233.006,70.67800000000001,,1727.3140000000005,202.14333333333337,3707.402000000001,334.9786666666666,736.5546666666669,769.6780000000001,2860.638000000001,306.33199999999994,74.04599999999999,884.1820000000001,3444.460000000001,552.5999999999999,403.6053333333333,213.38,67.59733333333334,560.5989999999999,379.3679999999999,141.008,63.1584,3592.246000000001,288.20799999999997,844.308,67.27333333333333,708.6680000000001,,385.4200000000001,379.73599999999993,,,,,,,,,,,,,,,,
1909,46073.06699999958,23903.567999999832,225650.9579999956,22133.854999999858,303.88599999999997,29259.523999999776,16737.349999999908,16743.515999999912,9709.650999999987,52778.89199999953,4520.539000000002,2694.2040000000006,10639.578999999969,14571.643999999935,33672.92299999972,14510.857999999937,22209.10399999984,2892.2850000000008,1813.2640000000006,1834.5020000000006,6821.716000000002,5344.101000000002,9000.135999999991,11343.972999999967,877.6870000000002,11329.407999999969,2051.665000000001,42234.12399999962,10479.739999999974,1956.6290000000006,4545.223000000001,3463.6290000000013,5837.056000000002,1240.6970000000001,14887.403999999917,1009.4180000000001,620.87,769.5275000000003,2699.2010000000014,1412.3090000000004,12852.973999999946,1190.4730000000002,2387.2380000000007,13418.871999999943,246.72499999999997,2217.7070000000003,2594.553000000001,2437.926000000001,494.6759999999999,611.702,1527.0155,210.013,3785.434000000001,793.5740000000003,1609.0620000000006,2252.875000000001,198.77999999999997,4062.820000000001,224.06799999999998,72.68650000000001,,1867.5970000000007,208.6366666666667,3933.291000000001,346.76433333333324,762.6823333333335,815.0990000000002,3043.7940000000012,332.4409999999999,75.43549999999999,836.4960000000001,3801.820000000001,598.9949999999999,416.93266666666665,214.255,69.65366666666667,580.0782499999999,407.4139999999999,145.97650000000002,64.8762,3839.858000000001,287.524,888.269,69.49166666666666,784.5940000000002,,420.94000000000005,404.99799999999993,,,,,,,,,,,,,,,,
1910,47543.72999999953,24237.97999999981,234646.01999999513,22158.38999999984,286.84,29401.099999999748,17066.979999999898,16851.8499999999,9752.559999999985,54284.469999999455,4446.020000000001,2724.980000000001,11330.179999999966,15116.299999999928,35066.18999999968,14485.41999999993,23449.16999999982,2868.400000000001,1864.4600000000007,1864.4600000000007,7171.000000000003,5521.670000000003,9107.169999999991,11545.309999999963,860.5200000000002,11330.179999999966,1864.4600000000007,44245.06999999957,10828.209999999972,2151.3000000000006,4446.020000000001,3657.2100000000014,6095.350000000002,1290.7800000000002,15847.909999999909,1075.65,645.39,727.2450000000002,2796.6900000000014,1434.2000000000005,13624.89999999994,1290.7800000000002,2509.850000000001,13696.609999999937,215.13,2366.4300000000007,2653.270000000001,2509.850000000001,501.96999999999986,645.39,1574.2649999999999,215.13,4015.760000000001,860.5200000000002,1721.0400000000006,2366.4300000000007,143.42,4302.600000000001,215.13,74.69500000000001,,2007.8800000000006,215.13,4159.180000000001,358.5499999999999,788.8100000000002,860.5200000000002,3226.950000000001,358.5499999999999,76.825,788.8100000000002,4159.180000000001,645.39,430.25999999999993,215.13,71.71,599.5575,435.45999999999987,150.945,66.594,4087.470000000001,286.84,932.23,71.71,860.5200000000002,,456.4600000000001,430.25999999999993,,71.71,286.84,215.13,143.42,430.25999999999993,71.71,71.71,,,,,,,,
1911,49352.81699999957,23580.846999999827,242952.23599999506,21872.475999999853,277.54549999999995,29216.51299999977,17634.908999999905,16356.47799999991,9353.810999999987,53962.861999999506,4342.556000000001,2548.859000000001,10787.58199999997,15308.071999999935,36971.067999999716,14038.806999999937,24841.016999999843,2827.652000000001,1849.7030000000007,1804.5630000000006,7089.842000000002,5440.179000000003,9384.267999999991,11343.812999999966,963.9020000000002,11555.334999999966,1931.4520000000007,44182.76399999962,10699.975999999975,3314.169000000001,4240.627000000001,3585.286000000001,6567.127000000003,1337.084,15847.715999999913,1085.6460000000002,715.004,684.9625000000003,2632.0330000000013,1498.6480000000004,13625.470999999945,1331.9130000000002,2611.2880000000005,13252.952999999943,224.249,2255.8680000000004,2801.610000000001,2519.2490000000007,527.4409999999999,658.869,1621.5145,232.611,4105.814000000001,835.3520000000002,2114.8490000000006,2312.919000000001,248.16899999999993,4676.5030000000015,256.177,76.7035,,1944.5660000000005,209.421,4397.334000000002,411.2874999999999,881.7900000000002,913.2930000000001,3291.622000000001,370.9074999999999,78.2145,824.2300000000001,5170.433,704.747,413.7944999999999,238.137,74.53,619.03675,501.4799999999999,155.9135,68.3118,3934.773000000001,444.15599999999995,888.5120000000001,72.65299999999999,851.2240000000002,,491.98000000000013,455.19899999999996,,,268.147,203.608,,478.60799999999995,273.19500000000005,,,,,,,,,
1912,51161.903999999624,22923.713999999844,251258.45199999498,21586.561999999867,268.251,29031.92599999979,18202.837999999916,15861.10599999992,8955.061999999989,53641.25399999956,4239.0920000000015,2372.7380000000007,10244.983999999973,15499.84399999994,38875.94599999975,13592.193999999943,26232.86399999987,2786.904000000001,1834.9460000000006,1744.6660000000006,7008.684000000003,5358.688000000003,9661.365999999993,11142.31599999997,1067.284,11780.489999999969,1998.4440000000006,44120.457999999664,10571.741999999977,4477.038000000001,4035.234000000001,3513.362000000001,7038.904000000003,1383.3880000000001,15847.521999999917,1095.642,784.6179999999999,642.6800000000003,2467.376000000001,1563.0960000000005,13626.04199999995,1373.046,2712.7260000000006,12809.295999999948,233.368,2145.3060000000005,2949.9500000000007,2528.6480000000006,552.9119999999999,672.3480000000001,1668.764,250.09199999999998,4195.868000000001,810.1840000000002,2508.6580000000004,2259.4080000000004,352.9179999999999,5050.406000000003,297.224,78.712,,1881.2520000000004,203.712,4635.488000000002,464.025,974.7700000000001,966.0660000000001,3356.2940000000012,383.26499999999993,79.604,859.6500000000001,6181.685999999999,764.1039999999999,397.32899999999995,261.144,77.35,638.516,567.4999999999999,160.882,70.0296,3782.076000000001,601.472,844.794,73.59599999999999,841.9280000000001,,527.5000000000001,480.1379999999999,,,249.45399999999998,192.08599999999998,,526.9559999999999,474.68000000000006,,,,,,,,,
1913,52970.99099999967,22266.580999999856,259564.66799999494,21300.64799999988,258.9565,28847.33899999981,18770.766999999923,15365.73399999993,8556.312999999991,53319.64599999961,4135.6280000000015,2196.6170000000006,9702.385999999977,15691.615999999944,40780.82399999978,13145.580999999951,27624.710999999894,2746.156000000001,1820.1890000000005,1684.7690000000005,6927.526000000003,5277.197000000002,9938.463999999993,10940.818999999974,1170.6660000000002,12005.644999999971,2065.4360000000006,44058.15199999971,10443.50799999998,5639.907000000001,3829.841000000001,3441.4380000000006,7510.681000000004,1429.692,15847.327999999921,1105.638,854.232,600.3975000000003,2302.719000000001,1627.5440000000003,13626.612999999956,1414.179,2814.164,12365.638999999954,242.487,2034.7440000000004,3098.290000000001,2538.0470000000005,578.3829999999999,685.827,1716.0134999999998,267.573,4285.922000000001,785.0160000000002,2902.4670000000006,2205.8970000000004,457.6669999999998,5424.309000000003,338.271,80.7205,,1817.9380000000003,198.003,4873.642000000002,516.7625,1067.75,1018.839,3420.9660000000013,395.62249999999995,80.9935,895.07,7192.938999999998,823.4609999999998,380.86349999999993,284.15099999999995,80.16999999999999,657.9952499999999,633.52,165.8505,71.7474,3629.379000000001,758.788,801.076,74.53899999999999,832.6320000000001,,563.0200000000001,505.07699999999994,,,230.76099999999997,180.564,,575.304,676.1650000000002,,,,,,,,,
1914,54780.07799999972,21609.447999999873,267870.88399999484,21014.733999999895,249.66199999999998,28662.751999999833,19338.695999999934,14870.36199999994,8157.563999999992,52998.03799999966,4032.164000000001,2020.4960000000005,9159.78799999998,15883.38799999995,42685.701999999816,12698.967999999957,29016.557999999917,2705.408000000001,1805.4320000000005,1624.8720000000005,6846.368000000003,5195.706000000002,10215.561999999994,10739.321999999976,1274.0480000000002,12230.799999999972,2132.4280000000003,43995.84599999976,10315.273999999981,6802.776000000002,3624.4480000000003,3369.5140000000006,7982.458000000004,1475.9959999999999,15847.133999999925,1115.634,923.846,558.1150000000002,2138.062000000001,1691.9920000000002,13627.183999999961,1455.3120000000001,2915.602,11921.98199999996,251.606,1924.1820000000002,3246.630000000001,2547.4460000000004,603.854,699.306,1763.263,285.054,4375.9760000000015,759.8480000000002,3296.276,2152.3860000000004,562.4159999999998,5798.212000000003,379.318,82.729,,1754.6240000000003,192.29399999999998,5111.796000000002,569.5,1160.73,1071.612,3485.6380000000013,407.9799999999999,82.383,930.49,8204.191999999995,882.8179999999998,364.3979999999999,307.158,82.99,677.4744999999999,699.54,170.81900000000002,73.4652,3476.6820000000007,916.104,757.3580000000001,75.482,823.336,,598.5400000000002,530.016,,,212.06799999999998,169.042,,623.6519999999999,877.6500000000002,,,,,,,,,
1915,56589.16499999976,20952.31499999989,276177.0999999948,20728.819999999905,240.36749999999998,28478.164999999855,19906.62499999994,14374.989999999947,7758.814999999993,52676.42999999971,3928.700000000001,1844.3750000000005,8617.189999999984,16075.159999999956,44590.579999999856,12252.354999999965,30408.40499999994,2664.6600000000008,1790.6750000000004,1564.9750000000004,6765.210000000003,5114.215000000002,10492.659999999994,10537.824999999979,1377.43,12455.954999999973,2199.4200000000005,43933.539999999804,10187.039999999985,7965.645000000002,3419.0550000000003,3297.59,8454.235000000004,1522.2999999999997,15846.93999999993,1125.63,993.46,515.8325000000002,1973.4050000000007,1756.44,13627.754999999968,1496.4450000000002,3017.04,11478.324999999964,260.725,1813.6200000000001,3394.970000000001,2556.8450000000003,629.325,712.7850000000001,1810.5124999999998,302.53499999999997,4466.030000000002,734.6800000000001,3690.085,2098.8750000000005,667.1649999999997,6172.115000000003,420.365,84.7375,,1691.3100000000004,186.585,5349.950000000003,622.2375000000001,1253.71,1124.385,3550.3100000000013,420.3374999999999,83.77250000000001,965.91,9215.444999999996,942.1749999999997,347.93249999999995,330.16499999999996,85.81,696.95375,765.56,175.78750000000002,75.18299999999999,3323.9850000000006,1073.42,713.6400000000001,76.425,814.04,,634.0600000000002,554.9549999999999,,,193.375,157.51999999999998,,672.0,1079.1350000000002,,,,,,,,,
1916,58398.251999999804,20295.181999999906,284483.31599999475,20442.90599999992,231.07299999999998,28293.577999999874,20474.553999999953,13879.617999999959,7360.065999999995,52354.82199999976,3825.2360000000012,1668.2540000000004,8074.591999999988,16266.93199999996,46495.45799999988,11805.741999999973,31800.251999999968,2623.9120000000007,1775.9180000000003,1505.0780000000004,6684.052000000002,5032.724000000002,10769.757999999994,10336.327999999983,1480.8120000000001,12681.109999999975,2266.4120000000003,43871.23399999986,10058.805999999988,9128.514000000003,3213.6620000000003,3225.666,8926.012000000006,1568.6039999999998,15846.745999999932,1135.626,1063.074,473.5500000000002,1808.7480000000005,1820.8880000000001,13628.325999999974,1537.578,3118.4779999999996,11034.66799999997,269.844,1703.058,3543.310000000001,2566.2440000000006,654.796,726.2640000000001,1857.762,320.016,4556.084000000002,709.5120000000002,4083.8940000000002,2045.3640000000003,771.9139999999996,6546.018000000005,461.41200000000003,86.74600000000001,,1627.996,180.876,5588.104000000003,674.9750000000001,1346.69,1177.158,3614.9820000000013,432.69499999999994,85.162,1001.3299999999999,10226.697999999993,1001.5319999999997,331.4669999999999,353.17199999999997,88.63,716.433,831.5799999999999,180.75600000000003,76.9008,3171.2880000000005,1230.7359999999999,669.922,77.368,804.7439999999999,,669.5800000000002,579.894,,,174.682,145.998,,720.348,1280.6200000000003,,,,,,,,,
1917,60207.338999999854,19638.048999999923,292789.53199999465,20156.991999999933,221.77849999999998,28108.990999999896,21042.48299999996,13384.245999999966,6961.316999999997,52033.21399999981,3721.7720000000013,1492.1330000000003,7531.9939999999915,16458.703999999965,48400.33599999992,11359.128999999979,33192.09899999999,2583.1640000000007,1761.1610000000003,1445.1810000000003,6602.894000000003,4951.233000000002,11046.855999999996,10134.830999999987,1584.194,12906.264999999978,2333.4040000000005,43808.927999999905,9930.57199999999,10291.383000000003,3008.2690000000002,3153.7419999999997,9397.789000000006,1614.9079999999997,15846.551999999936,1145.6219999999998,1132.688,431.26750000000015,1644.0910000000003,1885.336,13628.896999999979,1578.711,3219.9159999999993,10591.010999999977,278.96299999999997,1592.4959999999999,3691.650000000001,2575.6430000000005,680.267,739.7430000000002,1905.0114999999998,337.497,4646.138000000002,684.344,4477.7029999999995,1991.853,876.6629999999997,6919.921000000005,502.459,88.75450000000001,,1564.6820000000002,175.167,5826.258000000003,727.7125000000001,1439.67,1229.9309999999998,3679.6540000000014,445.05249999999995,86.5515,1036.75,11237.950999999994,1060.8889999999997,315.00149999999996,376.179,91.44999999999999,735.91225,897.6,185.72450000000003,78.6186,3018.5910000000003,1388.052,626.2040000000001,78.31099999999999,795.4479999999999,,705.1000000000001,604.833,,,155.98899999999998,134.476,,768.6959999999999,1482.1050000000002,,,,,,,,,
1918,62016.4259999999,18980.91599999994,301095.7479999946,19871.077999999947,212.48399999999998,27924.40399999992,21610.411999999968,12888.873999999976,6562.567999999999,51711.60599999986,3618.308000000001,1316.0120000000002,6989.395999999995,16650.475999999973,50305.213999999956,10912.515999999987,34583.94600000002,2542.4160000000006,1746.4040000000002,1385.284,6521.736000000003,4869.742000000001,11323.953999999996,9933.33399999999,1687.576,13131.419999999978,2400.396,43746.62199999995,9802.337999999992,11454.252000000004,2802.8759999999997,3081.8179999999993,9869.566000000006,1661.2119999999995,15846.35799999994,1155.618,1202.3020000000001,388.9850000000001,1479.4340000000002,1949.784,13629.467999999984,1619.844,3321.3539999999994,10147.353999999981,288.082,1481.9339999999997,3839.9900000000007,2585.0420000000004,705.738,753.2220000000001,1952.261,354.978,4736.192000000002,659.176,4871.512,1938.342,981.4119999999996,7293.824000000006,543.5060000000001,90.763,,1501.3680000000002,169.458,6064.412000000004,780.4500000000002,1532.65,1282.7039999999997,3744.3260000000014,457.40999999999997,87.941,1072.1699999999998,12249.20399999999,1120.2459999999996,298.53599999999994,399.186,94.27,755.3915,963.6200000000001,190.693,80.3364,2865.8940000000002,1545.368,582.4860000000001,79.25399999999999,786.1519999999998,,740.6200000000001,629.7719999999999,,,137.296,122.954,,817.044,1683.5900000000004,,,,,,,,,
1919,63825.51299999995,18323.782999999952,309401.9639999945,19585.16399999996,203.18949999999998,27739.816999999937,22178.34099999998,12393.501999999986,6163.819,51389.99799999991,3514.844000000001,1139.891,6446.797999999999,16842.247999999978,52210.09199999999,10465.902999999993,35975.79300000004,2501.6680000000006,1731.6470000000002,1325.3870000000002,6440.578000000003,4788.251000000001,11601.051999999998,9731.836999999992,1790.958,13356.574999999979,2467.388,43684.316,9674.103999999994,12617.121000000005,2597.4829999999993,3009.8939999999993,10341.343000000008,1707.5159999999996,15846.163999999944,1165.614,1271.9160000000002,346.7025000000001,1314.777,2014.232,13630.03899999999,1660.9769999999999,3422.791999999999,9703.696999999987,297.201,1371.3719999999996,3988.330000000001,2594.4410000000003,731.2090000000002,766.7010000000001,1999.5104999999999,372.459,4826.246000000002,634.008,5265.320999999999,1884.8310000000001,1086.1609999999996,7667.727000000006,584.5530000000001,92.7715,,1438.054,163.749,6302.566000000004,833.1875000000002,1625.63,1335.4769999999999,3808.9980000000014,469.7674999999999,89.3305,1107.5899999999997,13260.456999999991,1179.6029999999996,282.0704999999999,422.193,97.09,774.8707499999999,1029.64,195.66150000000002,82.05420000000001,2713.197,1702.684,538.768,80.197,776.8559999999998,,776.1400000000002,654.711,,,118.60300000000001,111.43199999999999,,865.392,1885.0750000000005,,,,,,,,,
1920,65634.59999999999,17666.64999999997,317708.17999999446,19299.249999999975,193.89499999999998,27555.22999999996,22746.269999999986,11898.129999999996,5765.070000000002,51068.38999999996,3411.380000000001,963.77,5904.200000000003,17034.019999999982,54114.97000000002,10019.29,37367.640000000065,2460.9200000000005,1716.89,1265.49,6359.420000000003,4706.760000000001,11878.149999999998,9530.339999999997,1894.34,13581.729999999981,2534.38,43622.010000000046,9545.869999999997,13779.990000000005,2392.0899999999992,2937.969999999999,10813.120000000008,1753.8199999999995,15845.969999999948,1175.61,1341.53,304.42,1150.12,2078.68,13630.609999999995,1702.11,3524.2299999999987,9260.039999999994,306.32,1260.8099999999995,4136.670000000001,2603.84,756.6800000000002,780.1800000000002,2046.76,389.94,4916.300000000002,608.84,5659.129999999999,1831.32,1190.9099999999996,8041.6300000000065,625.6,94.78,,1374.74,158.04,6540.720000000004,885.9250000000002,1718.61,1388.2499999999998,3873.6700000000014,482.125,90.72,1143.0099999999998,14271.709999999988,1238.9599999999996,265.60499999999996,445.2,99.91,794.35,1095.66,200.63,83.772,2560.5,1860.0,495.05000000000007,81.14,767.5599999999997,,811.6600000000002,679.65,,,99.91,99.91,,913.74,2086.5600000000004,,314.03,209.2,90.72,,,,,
1921,65572.31999999992,17131.574999999975,328871.3969999982,18994.61999999998,184.60049999999998,26808.611999999972,22601.687999999995,11647.151999999996,5531.793000000002,51110.00099999993,3403.377000000001,958.248,5616.630000000002,18076.458,54851.32799999995,9703.821,38234.19600000004,2335.9680000000008,1666.3410000000001,1249.986,6561.363000000001,4559.124000000001,11780.595,9445.475999999997,1826.046,12788.876999999982,2654.457,44135.69400000001,9499.832999999997,14097.95100000001,2415.350999999999,2815.787999999999,11518.623000000014,1739.9579999999996,15624.197999999957,1078.2389999999998,1288.137,395.11800000000005,1115.868,1971.762,13256.858999999997,1703.514,3959.216999999998,9293.060999999994,305.973,1265.9639999999995,4288.323,2535.2610000000004,711.2970000000001,803.1120000000002,1983.414,381.231,4677.045000000002,588.336,5305.2119999999995,1961.1329999999998,1283.8139999999999,8216.682000000006,573.135,95.041,,1318.026,152.33100000000002,6563.013000000003,938.6625000000004,1677.984,1532.0849999999998,3768.963000000001,494.48249999999996,91.743,1079.1839999999997,14399.168999999994,1276.5839999999996,249.13949999999994,420.87,99.9145,725.01,1097.1390000000001,205.5985,85.4898,2789.0099999999998,1754.76,465.73500000000007,82.083,832.1339999999998,,,753.0150000000001,,,140.394,100.014,,1145.406,1898.0940000000003,,312.912,,,,,,,
1922,65510.03999999984,16596.499999999978,340034.6140000019,18689.98999999999,175.30599999999998,26061.993999999984,22457.106000000007,11396.173999999997,5298.516000000001,51151.6119999999,3395.3740000000007,952.726,5329.060000000001,19118.89600000001,55587.685999999885,9388.351999999999,39100.75200000001,2211.0160000000005,1615.7920000000001,1234.482,6763.3060000000005,4411.488,11683.04,9360.611999999996,1757.752,11996.023999999983,2774.5339999999997,44649.37799999998,9453.795999999997,14415.912000000015,2438.611999999999,2693.6059999999993,12224.126000000018,1726.0959999999998,15402.425999999965,980.8679999999999,1234.744,485.81600000000014,1081.616,1864.844,12883.107999999997,1704.9180000000001,4394.203999999997,9326.081999999995,305.626,1271.1179999999997,4439.976,2466.6820000000002,665.9140000000001,826.0440000000002,1920.0680000000002,372.522,4437.790000000002,567.832,4951.294,2090.946,1376.7179999999998,8391.734000000006,520.6700000000001,95.302,,1261.3120000000001,146.622,6585.306000000001,991.4000000000003,1637.358,1675.9199999999996,3664.256000000001,506.84,92.766,1015.3579999999998,14526.627999999999,1314.2079999999999,232.67399999999995,396.53999999999996,99.919,655.6700000000001,1098.6180000000002,210.567,87.2076,3017.519999999999,1649.52,436.4200000000001,83.026,896.7079999999999,,,826.3800000000001,,,180.878,100.118,,1377.0719999999997,1709.6280000000004,,311.794,,,,,,,
1923,65447.75999999976,16061.424999999985,351197.83100000565,18385.359999999997,166.01149999999998,25315.375999999997,22312.524000000016,11145.195999999996,5065.239000000001,51193.22299999986,3387.3710000000005,947.2040000000001,5041.490000000002,20161.334000000028,56324.04399999982,9072.882999999998,39967.30799999998,2086.0640000000003,1565.2430000000002,1218.978,6965.249,4263.852000000001,11585.485,9275.747999999996,1689.458,11203.170999999984,2894.6109999999994,45163.06199999995,9407.758999999996,14733.873000000018,2461.8729999999996,2571.4239999999995,12929.629000000023,1712.2339999999997,15180.653999999973,883.4969999999998,1181.351,576.5140000000001,1047.364,1757.926,12509.356999999996,1706.3220000000001,4829.190999999996,9359.102999999996,305.279,1276.2719999999997,4591.628999999999,2398.103,620.5310000000002,848.9760000000002,1856.7220000000002,363.813,4198.535000000002,547.328,4597.376,2220.7589999999996,1469.6219999999998,8566.786000000004,468.20500000000004,95.563,,1204.598,140.913,6607.599,1044.1375000000003,1596.732,1819.7549999999997,3559.549000000001,519.1975,93.789,951.5319999999998,14654.087000000005,1351.8319999999999,216.20849999999996,372.21,99.92349999999999,586.33,1100.0970000000002,215.5355,88.9254,3246.029999999999,1544.2800000000002,407.105,83.969,961.282,,,899.7450000000001,,,221.362,100.222,,1608.7379999999996,1521.1620000000003,,310.676,,,,,,,
1924,65385.47999999969,15526.34999999999,362361.0480000094,18080.730000000003,156.71699999999998,24568.75800000001,22167.942000000025,10894.217999999997,4831.962000000001,51234.83399999983,3379.3680000000004,941.6820000000001,4753.920000000001,21203.77200000004,57060.40199999975,8757.413999999997,40833.86399999995,1961.1120000000005,1514.6940000000002,1203.4740000000002,7167.191999999998,4116.216,11487.930000000002,9190.883999999995,1621.1640000000002,10410.317999999987,3014.687999999999,45676.74599999991,9361.721999999996,15051.834000000023,2485.1339999999996,2449.2419999999997,13635.132000000029,1698.3719999999998,14958.881999999981,786.126,1127.958,667.2120000000002,1013.112,1651.008,12135.605999999998,1707.726,5264.177999999995,9392.123999999996,304.932,1281.426,4743.281999999998,2329.5240000000003,575.1480000000001,871.9080000000002,1793.3760000000002,355.104,3959.280000000001,526.8240000000001,4243.458,2350.5719999999997,1562.526,8741.838000000003,415.74,95.824,,1147.884,135.204,6629.891999999999,1096.8750000000005,1556.106,1963.5899999999997,3454.8420000000006,531.5550000000001,94.812,887.7059999999999,14781.546000000011,1389.456,199.74299999999994,347.88,99.928,516.99,1101.5760000000002,220.50400000000002,90.64320000000001,3474.539999999998,1439.04,377.79,84.91199999999999,1025.8560000000002,,,973.1100000000002,,,261.846,100.326,,1840.4039999999995,1332.6960000000004,,309.558,,,,,,,
1925,65323.19999999962,14991.274999999994,373524.26500001305,17776.100000000013,147.42249999999999,23822.14000000002,22023.360000000037,10643.239999999998,4598.685,51276.444999999796,3371.365,936.1600000000001,4466.35,22246.210000000057,57796.759999999675,8441.944999999996,41700.419999999925,1836.1600000000005,1464.1450000000004,1187.9700000000003,7369.134999999997,3968.58,11390.375000000004,9106.019999999995,1552.8700000000003,9617.464999999987,3134.7649999999994,46190.42999999988,9315.684999999998,15369.795000000027,2508.3949999999995,2327.0599999999995,14340.635000000035,1684.51,14737.10999999999,688.7549999999999,1074.565,757.9100000000003,978.86,1544.0900000000001,11761.855,1709.13,5699.1649999999945,9425.144999999997,304.58500000000004,1286.58,4894.934999999998,2260.9450000000006,529.7650000000001,894.8400000000003,1730.0300000000002,346.395,3720.025000000001,506.32000000000005,3889.54,2480.3849999999993,1655.4300000000003,8916.890000000003,363.27500000000003,96.08500000000001,,1091.17,129.495,6652.184999999998,1149.6125000000004,1515.48,2107.4249999999997,3350.135,543.9125,95.83500000000001,823.8799999999999,14909.005000000016,1427.08,183.27749999999995,323.55,99.9325,447.65,1103.0550000000003,225.47250000000003,92.361,3703.049999999998,1333.8000000000002,348.475,85.85499999999999,1090.4300000000003,,,1046.4750000000004,,,302.33000000000004,100.43,,2072.0699999999997,1144.2300000000002,,308.44,,,,,,,
1926,65260.91999999954,14456.199999999999,384687.48200001684,17471.47000000002,138.128,23075.522000000034,21878.778000000046,10392.261999999999,4365.408,51318.055999999764,3363.3619999999996,930.6380000000001,4178.780000000001,23288.648000000074,58533.11799999961,8126.475999999995,42566.97599999989,1711.2080000000005,1413.5960000000005,1172.4660000000001,7571.077999999996,3820.9439999999995,11292.820000000005,9021.155999999995,1484.5760000000002,8824.611999999988,3254.8419999999987,46704.11399999985,9269.647999999997,15687.756000000032,2531.6559999999995,2204.8779999999997,15046.138000000039,1670.6480000000001,14515.337999999996,591.3839999999999,1021.172,848.6080000000004,944.6080000000001,1437.1720000000003,11388.104,1710.5340000000003,6134.151999999994,9458.165999999997,304.238,1291.734,5046.587999999996,2192.3660000000004,484.38200000000006,917.7720000000003,1666.6840000000004,337.68600000000004,3480.770000000001,485.81600000000003,3535.6220000000003,2610.1979999999994,1748.3340000000003,9091.942000000003,310.81000000000006,96.346,,1034.4560000000001,123.786,6674.477999999996,1202.3500000000004,1474.8540000000003,2251.2599999999998,3245.4280000000003,556.27,96.858,760.0539999999999,15036.464000000022,1464.7040000000002,166.81199999999995,299.22,99.937,378.31,1104.534,230.44100000000003,94.0788,3931.5599999999977,1228.5600000000002,319.16,86.798,1155.0040000000004,,,1119.8400000000004,,,342.81399999999996,100.534,,2303.735999999999,955.7640000000001,,307.322,,,,,,,
1927,65198.63999999946,13921.125000000004,395850.6990000205,17166.840000000026,128.8335,22328.904000000042,21734.196000000054,10141.284,4132.130999999999,51359.66699999973,3355.3589999999995,925.1160000000002,3891.21,24331.08600000009,59269.475999999544,7811.006999999994,43433.53199999987,1586.2560000000005,1363.0470000000005,1156.9620000000002,7773.020999999995,3673.307999999999,11195.265000000007,8936.291999999994,1416.2820000000004,8031.75899999999,3374.918999999999,47217.79799999981,9223.610999999997,16005.717000000037,2554.9169999999995,2082.696,15751.641000000043,1656.7860000000003,14293.566000000004,494.0129999999999,967.779,939.3060000000003,910.3560000000001,1330.2540000000004,11014.353,1711.9380000000003,6569.138999999993,9491.186999999998,303.891,1296.8880000000001,5198.240999999995,2123.7870000000003,438.9990000000001,940.7040000000003,1603.3380000000004,328.97700000000003,3241.5150000000003,465.312,3181.704,2740.0109999999995,1841.2380000000003,9266.994000000002,258.345,96.607,,977.7420000000002,118.077,6696.770999999995,1255.0875000000005,1434.2280000000003,2395.0949999999993,3140.721,568.6275,97.881,696.2279999999998,15163.923000000028,1502.3280000000002,150.34649999999993,274.89,99.94149999999999,308.97,1106.0130000000001,235.40950000000004,95.7966,4160.069999999997,1123.3200000000002,289.845,87.741,1219.5780000000004,,,1193.2050000000004,,,383.298,100.638,,2535.401999999999,767.2980000000002,,306.204,,,,,,,
1928,65136.35999999939,13386.05000000001,407013.91600002424,16862.210000000032,119.53899999999999,21582.286000000055,21589.614000000063,9890.305999999999,3898.8539999999994,51401.27799999969,3347.3559999999993,919.5940000000003,3603.6399999999994,25373.524000000103,60005.83399999947,7495.537999999993,44300.08799999984,1461.3040000000005,1312.4980000000005,1141.4580000000003,7974.963999999994,3525.671999999999,11097.710000000006,8851.427999999994,1347.9880000000003,7238.905999999991,3494.9959999999987,47731.48199999978,9177.573999999997,16323.67800000004,2578.178,1960.5140000000001,16457.14400000005,1642.9240000000002,14071.794000000013,396.64199999999994,914.3860000000001,1030.0040000000004,876.104,1223.3360000000002,10640.602,1713.3420000000003,7004.125999999992,9524.207999999999,303.54400000000004,1302.0420000000001,5349.893999999995,2055.2080000000005,393.61600000000004,963.6360000000003,1539.9920000000006,320.26800000000003,3002.26,444.808,2827.7860000000005,2869.823999999999,1934.1420000000005,9442.046,205.88000000000005,96.868,,921.0280000000001,112.368,6719.063999999994,1307.8250000000005,1393.6020000000003,2538.9299999999994,3036.014,580.985,98.904,632.4019999999999,15291.382000000034,1539.9520000000002,133.88099999999997,250.56,99.946,239.63,1107.4920000000002,240.37800000000004,97.5144,4388.579999999996,1018.0800000000002,260.53,88.684,1284.1520000000005,,,1266.5700000000006,,,423.78200000000004,100.742,,2767.0679999999993,578.8320000000001,,305.086,,,,,,,
1929,65074.07999999932,12850.975000000013,418177.13300002797,16557.58000000004,110.24449999999999,20835.668000000067,21445.032000000076,9639.328,3665.5769999999993,51442.88899999966,3339.352999999999,914.0720000000002,3316.069999999999,26415.962000000116,60742.1919999994,7180.068999999992,45166.64399999981,1336.3520000000005,1261.9490000000005,1125.9540000000002,8176.906999999992,3378.035999999999,11000.155000000008,8766.563999999993,1279.6940000000004,6446.052999999992,3615.0729999999985,48245.16599999975,9131.536999999997,16641.639000000047,2601.439,1838.3320000000003,17162.647000000055,1629.0620000000004,13850.02200000002,299.27099999999996,860.9930000000002,1120.7020000000005,841.8520000000001,1116.4180000000006,10266.851000000002,1714.7460000000005,7439.112999999991,9557.229,303.197,1307.1960000000004,5501.546999999994,1986.6290000000006,348.233,986.5680000000003,1476.6460000000006,311.559,2763.005,424.30400000000003,2473.868000000001,2999.636999999999,2027.0460000000007,9617.098,153.41500000000008,97.129,,864.3140000000001,106.659,6741.356999999993,1360.5625000000005,1352.9760000000003,2682.7649999999994,2931.307,593.3425,99.927,568.5759999999999,15418.841000000039,1577.5760000000005,117.41549999999995,226.23000000000002,99.9505,170.28999999999996,1108.9710000000002,245.34650000000005,99.2322,4617.0899999999965,912.8400000000001,231.21499999999997,89.627,1348.7260000000006,,,1339.9350000000004,,,464.26599999999996,100.846,,2998.7339999999986,390.366,,303.968,,,,,,,
1930,65011.79999999924,12315.90000000002,429340.3500000317,16252.950000000048,100.95,20089.05000000008,21300.450000000084,9388.35,3432.299999999999,51484.49999999963,3331.349999999999,908.5500000000003,3028.4999999999986,27458.400000000132,61478.54999999933,6864.599999999991,46033.199999999786,1211.4000000000005,1211.4000000000005,1110.4500000000003,8378.849999999991,3230.3999999999987,10902.60000000001,8681.699999999993,1211.4000000000005,5653.199999999993,3735.1499999999983,48758.849999999715,9085.499999999996,16959.60000000005,2624.7,1716.1500000000005,17868.15000000006,1615.2000000000005,13628.25000000003,201.9,807.6000000000001,1211.4000000000005,807.6000000000001,1009.5000000000003,9893.100000000002,1716.1500000000005,7874.09999999999,9590.25,302.85,1312.3500000000004,5653.199999999993,1918.0500000000006,302.85,1009.5000000000003,1413.3000000000006,302.85,2523.75,403.8,2119.9500000000007,3129.449999999999,2119.9500000000007,9792.15,100.95,97.39,,807.6000000000001,100.95,6763.649999999991,1413.3000000000006,1312.3500000000004,2826.5999999999995,2826.5999999999995,605.7,100.95,504.75,15546.300000000045,1615.2000000000005,100.95,201.9,99.955,100.95,1110.4500000000003,250.315,100.95,4845.599999999996,807.6000000000001,201.9,90.57,1413.3000000000006,,,1413.3000000000006,,,504.75,100.95,,3230.3999999999987,201.9,,302.85,,,201.9,100.95,100.95,,
1931,64405.71999999932,12167.510000000018,435258.01500002854,15817.655000000042,110.855,19578.445000000072,20903.805000000077,9135.315,3314.069999999999,50178.14999999967,3254.614999999999,957.6950000000003,2980.8499999999985,27449.36000000012,63328.4949999994,6691.539999999992,46661.97999999981,1296.7600000000004,1210.2600000000004,1059.4050000000002,7980.964999999992,3147.3599999999988,10856.240000000009,8497.729999999994,1308.5600000000004,5542.279999999994,3839.2349999999983,47556.164999999746,8791.249999999996,15956.340000000044,2629.93,1761.5350000000005,17955.035000000054,1693.6800000000005,13429.025000000027,271.71000000000004,812.6400000000001,1100.2600000000004,786.8400000000001,967.3500000000004,9752.290000000003,1737.9350000000004,7611.789999999992,9150.025,332.565,1221.1150000000002,5664.0799999999945,1906.2450000000006,302.565,1008.5500000000003,1397.5700000000006,312.565,2660.075,413.42,1956.6550000000007,3056.504999999999,2191.2550000000006,9929.235,180.85500000000002,97.651,,826.8400000000001,,6823.784999999993,1301.9700000000005,1312.7150000000004,2756.9399999999996,2759.1399999999994,563.83,100.855,484.275,16592.27000000004,1593.6800000000005,,221.71,99.95949999999999,,1104.8050000000003,255.2835,120.855,4928.639999999996,906.8400000000001,280.41,91.513,1358.3700000000006,,,1544.6700000000005,,,464.275,113.655,,3137.3599999999988,,,282.565,,,191.71,,,,
1932,63799.63999999939,12019.120000000015,441175.6800000254,15382.360000000039,120.76,19067.840000000062,20507.16000000007,8882.28,3195.8399999999992,48871.799999999705,3177.879999999999,1006.8400000000003,2933.199999999999,27440.320000000105,65178.439999999464,6518.479999999993,47290.75999999983,1382.1200000000003,1209.1200000000003,1008.3600000000002,7583.079999999993,3064.319999999999,10809.880000000008,8313.759999999995,1405.7200000000005,5431.359999999995,3943.319999999999,46353.47999999977,8496.999999999996,14953.08000000004,2635.16,1806.9200000000005,18041.92000000005,1772.1600000000003,13229.800000000023,341.52,817.6800000000001,989.1200000000005,766.0800000000002,925.2000000000003,9611.480000000001,1759.7200000000005,7349.479999999992,8709.8,362.28000000000003,1129.8800000000003,5674.959999999995,1894.4400000000005,302.28000000000003,1007.6000000000003,1381.8400000000006,322.28000000000003,2796.4,423.04,1793.3600000000006,2983.559999999999,2262.5600000000004,10066.32,260.76,97.912,,846.0800000000002,,6883.919999999993,1190.6400000000006,1313.0800000000004,2687.2799999999997,2691.6799999999994,521.96,100.76,463.8,17638.240000000034,1572.1600000000003,,241.52,99.964,,1099.1600000000003,260.252,140.76,5011.679999999997,1006.0800000000002,358.92,92.45599999999999,1303.4400000000005,,,1676.0400000000004,,,423.8,126.36,,3044.319999999999,,,262.28000000000003,,,181.52,,,,
1933,63193.55999999947,11870.730000000014,447093.3450000222,14947.065000000033,130.665,18557.235000000055,20110.515000000058,8629.245,3077.609999999999,47565.44999999974,3101.1449999999995,1055.9850000000001,2885.5499999999993,27431.280000000093,67028.38499999953,6345.419999999994,47919.53999999985,1467.4800000000005,1207.9800000000005,957.3150000000002,7185.194999999994,2981.2799999999993,10763.520000000006,8129.789999999995,1502.8800000000003,5320.439999999995,4047.404999999999,45150.7949999998,8202.749999999998,13949.820000000034,2640.39,1852.3050000000003,18128.80500000004,1850.6400000000003,13030.57500000002,411.33000000000004,822.7200000000001,877.9800000000004,745.32,883.0500000000002,9470.670000000002,1781.5050000000003,7087.169999999993,8269.575,391.995,1038.6450000000002,5685.839999999996,1882.6350000000004,301.995,1006.6500000000002,1366.1100000000004,331.995,2932.725,432.66,1630.0650000000005,2910.6149999999993,2333.8650000000007,10203.404999999999,340.665,98.173,,865.32,,6944.054999999994,1079.3100000000004,1313.4450000000002,2617.6199999999994,2624.22,480.09000000000003,100.665,443.325,18684.210000000032,1550.6400000000003,,261.33,99.9685,,1093.515,265.2205,160.66500000000002,5094.7199999999975,1105.3200000000002,437.43000000000006,93.399,1248.5100000000004,,,1807.4100000000005,,,383.325,139.065,,2951.279999999999,,,241.995,,,171.33,,,,
1934,62587.479999999545,11722.340000000011,453011.01000001904,14511.77000000003,140.57,18046.63000000005,19713.87000000005,8376.210000000001,2959.379999999999,46259.09999999978,3024.4099999999994,1105.13,2837.899999999999,27422.240000000078,68878.3299999996,6172.359999999995,48548.31999999987,1552.8400000000004,1206.8400000000004,906.2700000000002,6787.309999999995,2898.2399999999993,10717.160000000005,7945.819999999996,1600.0400000000004,5209.519999999996,4151.489999999999,43948.109999999826,7908.499999999998,12946.56000000003,2645.62,1897.6900000000003,18215.690000000035,1929.1200000000003,12831.350000000017,481.14,827.7600000000001,766.8400000000004,724.5600000000001,840.9000000000002,9329.86,1803.2900000000004,6824.859999999994,7829.35,421.71000000000004,947.4100000000002,5696.719999999996,1870.8300000000004,301.71000000000004,1005.7000000000002,1350.3800000000003,341.71000000000004,3069.05,442.28000000000003,1466.7700000000004,2837.669999999999,2405.1700000000005,10340.49,420.57,98.434,,884.5600000000001,,7004.189999999995,967.9800000000004,1313.8100000000002,2547.9599999999996,2556.7599999999998,438.22,100.57000000000001,422.85,19730.180000000026,1529.1200000000003,,281.14,99.973,,1087.8700000000001,270.189,180.57,5177.7599999999975,1204.56,515.94,94.342,1193.5800000000004,,,1938.7800000000004,,,342.85,151.77,,2858.2399999999993,,,221.71,,,161.14,,,,
1935,61981.399999999616,11573.95000000001,458928.6750000159,14076.475000000024,150.475,17536.025000000038,19317.225000000042,8123.175,2841.1499999999996,44952.74999999981,2947.6749999999993,1154.275,2790.249999999999,27413.200000000066,70728.27499999967,5999.299999999996,49177.09999999989,1638.2000000000003,1205.7000000000003,855.2250000000001,6389.424999999996,2815.1999999999994,10670.800000000005,7761.849999999997,1697.2000000000003,5098.599999999997,4255.574999999999,42745.42499999986,7614.249999999998,11943.300000000025,2650.85,1943.0750000000003,18302.57500000003,2007.6000000000004,12632.125000000015,550.95,832.8000000000001,655.7000000000003,703.8000000000001,798.7500000000002,9189.050000000001,1825.0750000000003,6562.549999999996,7389.125,451.425,856.1750000000002,5707.599999999997,1859.0250000000003,301.425,1004.7500000000002,1334.6500000000003,351.425,3205.375,451.9,1303.4750000000004,2764.7249999999995,2476.4750000000004,10477.575,500.47499999999997,98.695,,903.8000000000001,,7064.324999999995,856.6500000000003,1314.1750000000002,2478.2999999999997,2489.2999999999997,396.35,100.475,402.375,20776.150000000023,1507.6000000000004,,300.95,99.97749999999999,,1082.2250000000001,275.1575,200.47500000000002,5260.799999999997,1303.8000000000002,594.45,95.285,1138.6500000000003,,,2070.1500000000005,,,302.375,164.475,,2765.1999999999994,,,201.425,,,150.95,,,,
1936,61375.319999999694,11425.560000000009,464846.34000001266,13641.180000000018,160.38,17025.42000000003,18920.580000000034,7870.14,2722.9199999999996,43646.39999999985,2870.9399999999996,1203.42,2742.5999999999995,27404.160000000054,72578.21999999974,5826.239999999996,49805.87999999992,1723.5600000000002,1204.5600000000002,804.1800000000001,5991.539999999996,2732.1599999999994,10624.440000000004,7577.879999999997,1794.3600000000001,4987.679999999998,4359.66,41542.73999999989,7319.999999999998,10940.040000000019,2656.08,1988.4600000000003,18389.460000000025,2086.08,12432.900000000012,620.76,837.84,544.5600000000002,683.0400000000001,756.6000000000001,9048.240000000002,1846.8600000000001,6300.239999999996,6948.9,481.14,764.94,5718.479999999998,1847.2200000000003,301.14,1003.8000000000002,1318.9200000000003,361.14,3341.7,461.52,1140.1800000000003,2691.7799999999997,2547.78,10614.66,580.38,98.956,,923.0400000000001,,7124.459999999996,745.3200000000002,1314.5400000000002,2408.64,2421.8399999999997,354.48,100.38,381.9,21822.120000000017,1486.0800000000002,,320.76,99.982,,1076.5800000000002,280.12600000000003,220.38,5343.839999999998,1403.04,672.96,96.228,1083.7200000000003,,,2201.5200000000004,,,261.9,177.18,,2672.1599999999994,,,181.14,,,140.76,,,,
1937,60769.23999999977,11277.170000000006,470764.0050000095,13205.885000000015,170.285,16514.815000000024,18523.935000000027,7617.1050000000005,2604.6899999999996,42340.04999999989,2794.205,1252.565,2694.95,27395.12000000004,74428.1649999998,5653.179999999998,50434.65999999994,1808.92,1203.42,753.135,5593.654999999997,2649.1199999999994,10578.080000000004,7393.909999999998,1891.52,4876.759999999998,4463.745,40340.05499999991,7025.749999999998,9936.780000000013,2661.31,2033.8450000000003,18476.34500000002,2164.5600000000004,12233.675000000008,690.57,842.88,433.4200000000002,662.2800000000001,714.45,8907.43,1868.6450000000002,6037.929999999997,6508.674999999999,510.855,673.705,5729.359999999998,1835.4150000000002,300.855,1002.8500000000001,1303.1900000000003,370.855,3478.0249999999996,471.14,976.8850000000002,2618.8349999999996,2619.085,10751.744999999999,660.2850000000001,99.217,,942.2800000000001,,7184.5949999999975,633.9900000000001,1314.9050000000002,2338.98,2354.3799999999997,312.61,100.285,361.42499999999995,22868.09000000001,1464.5600000000002,,340.57,99.9865,,1070.9350000000002,285.09450000000004,240.28500000000003,5426.879999999999,1502.28,751.47,97.17099999999999,1028.7900000000002,,,2332.8900000000003,,,221.425,189.885,,2579.1199999999994,,,160.855,,,130.57,,,,
1938,60163.15999999985,11128.780000000004,476681.6700000063,12770.59000000001,180.19,16004.210000000015,18127.290000000015,7364.07,2486.46,41033.699999999924,2717.47,1301.71,2647.2999999999997,27386.080000000027,76278.10999999987,5480.119999999998,51063.43999999996,1894.2800000000002,1202.2800000000002,702.09,5195.769999999999,2566.08,10531.720000000001,7209.939999999999,1988.68,4765.839999999998,4567.83,39137.369999999944,6731.499999999999,8933.52000000001,2666.54,2079.23,18563.23000000001,2243.04,12034.450000000006,760.38,847.9200000000001,322.2800000000001,641.52,672.3000000000001,8766.62,1890.43,5775.619999999998,6068.45,540.5699999999999,582.47,5740.239999999999,1823.6100000000001,300.57,1001.9000000000001,1287.46,380.57,3614.35,480.76,813.5900000000001,2545.89,2690.3900000000003,10888.83,740.19,99.478,,961.52,,7244.729999999999,522.6600000000001,1315.27,2269.3199999999997,2286.92,270.74,100.19,340.95,23914.06000000001,1443.0400000000002,,360.38,99.991,,1065.29,290.06300000000005,260.19,5509.919999999999,1601.52,829.98,98.114,973.8600000000001,,,2464.26,,,180.95,202.59,,2486.08,,,140.57,,,120.38,,,,
1939,59557.07999999992,10980.390000000001,482599.33500000316,12335.295000000006,190.095,15493.605000000007,17730.645000000008,7111.035,2368.23,39727.34999999996,2640.7349999999997,1350.855,2599.6499999999996,27377.04000000001,78128.05499999993,5307.0599999999995,51692.21999999998,1979.6399999999999,1201.14,651.0450000000001,4797.884999999998,2483.04,10485.36,7025.969999999999,2085.84,4654.919999999999,4671.915,37934.68499999997,6437.25,7930.260000000004,2671.77,2124.6150000000002,18650.115000000005,2321.52,11835.225000000002,830.1899999999999,852.96,211.14,620.76,630.1500000000001,8625.81,1912.2150000000001,5513.3099999999995,5628.225,570.285,491.235,5751.119999999999,1811.805,300.285,1000.95,1271.73,390.285,3750.675,490.38,650.2950000000001,2472.9449999999997,2761.695,11025.915,820.095,99.739,,980.76,,7304.864999999999,411.33000000000004,1315.635,2199.66,2219.46,228.87,100.095,320.475,24960.030000000006,1421.52,,380.19,99.99549999999999,,1059.645,295.03150000000005,280.095,5592.959999999999,1700.76,908.49,99.057,918.9300000000001,,,2595.63,,,140.47499999999997,215.29500000000002,,2393.04,,,120.285,,,110.19,,,,
1940,58951.0,10832.0,488517.0,11900.0,200.0,14983.0,17334.0,6858.0,2250.0,38421.0,2564.0,1400.0,2552.0,27368.0,79978.0,5134.0,52321.0,2065.0,1200.0,600.0,4400.0,2400.0,10439.0,6842.0,2183.0,4544.0,4776.0,36732.0,6143.0,6927.0,2677.0,2170.0,18737.0,2400.0,11636.0,900.0,858.0,100.0,600.0,588.0,8485.0,1934.0,5251.0,5188.0,600.0,400.0,5762.0,1800.0,300.0,1000.0,1256.0,400.0,3887.0,500.0,487.0,2400.0,2833.0,11163.0,900.0,100.0,,1000.0,,7365.0,300.0,1316.0,2130.0,2152.0,187.0,100.0,300.0,26006.0,1400.0,,400.0,100.0,,1054.0,300.0,300.0,5676.0,1800.0,987.0,100.0,864.0,,,2727.0,,,100.0,228.0,,2300.0,,,100.0,,,100.0,,,200.0,100.0
